Workbook
Name Slicer_Month: #N/A
Name Slicer_Month_Year: #N/A
Name Slicer_Month_Year1: #N/A
Name Slicer_Month_Year2: #N/A
Name Slicer_Year: #N/A

Sheet Commission Calculator
A1: SALES COMMISSION CALCULATOR
A2: ="Performance window: "&D6&" | Reporting month: "&TEXT(A6,"mmm yyyy")&" | Prepared September 1, 2026" -> Performance window: Trailing 12 Months | Reporting month: Aug 2025 | Prepared September 1, 2026
A3: Illustrative comp-plan model for analysis purposes only. Rates and tier structure below are editable assumptions, not the company's actual compensation plan.
A5: REPORTING MONTH (drop down) | D5: PERFORMANCE WINDOW (drop down) | G5: ELIGIBILITY THRESHOLD | I5: ACCELERATOR BREAKPOINT
A6: 45870 | D6: Trailing 12 Months | G6: 0.5 | I6: 1.5
A8: COMP PLAN ASSUMPTIONS (EDITABLE, ILLUSTRATIVE RATES BY ROLE)
A9: ="Tier 1: on-target commission up to 100% of quota, at the Base Rate; Tier 2: bookings from 100% up to "&TEXT(I6,"0%")&" of quota, at the Accelerator Rate; Tier 3: bookings beyond "&TEXT(I6,"0%")&" of quota, at the Super-Accelerator Rate; Note: Reps below the eligibility threshold ("&TEXT($G$6,"0%")&" attainment) earn $0 commission this window." -> Tier 1: on-target commission up to 100% of quota, at the Base Rate; Tier 2: bookings from 100% up to 150% of quota, at the Accelerator Rate; Tier 3: bookings beyond 150% of quota, at the Super-Accelerator Rate; Note: Reps below the eligibility threshold (50% attainment) earn $0 commission this window.
A12: Role | B12: Base Rate (Tier 1, ≤100% quota) | C12: Accelerator Rate (Tier 2) | D12: Super-Accelerator Rate (Tier 3)
A13: SDR / Inside Sales Rep | B13: 0.03 | C13: 0.05 | D13: 0.07
A14: Mid-Market AE | B14: 0.05 | C14: 0.08 | D14: 0.11
A15: Enterprise AE | B15: 0.06 | C15: 0.1 | D15: 0.14
A16: Senior Enterprise AE | B16: 0.07 | C16: 0.11 | D16: 0.16
A18: ="COMMISSION PAYOUT SUMMARY for: " &D6&"" -> COMMISSION PAYOUT SUMMARY for: Trailing 12 Months
A20: TOTAL COMMISSION PAYOUT | D20: TOTAL BOOKINGS WON | G20: COMPANY ATTAINMENT % | J20: AVG EFFECTIVE COMMISSION RATE
A21: =SUM($N$165:$N$214) -> 582568.5 | D21: =SUM($H$165:$H$214) -> 10862900 | G21: =IFERROR(SUM($H$165:$H$214)/SUM($G$165:$G$214),"") -> 1.0285376 | J21: =IFERROR(SUM($N$165:$N$214)/SUM($H$165:$H$214),"") -> 0.053629187
A22: all eligible reps, selected window | D22: same window | G22: bookings won ÷ quota | J22: blended payout ÷ bookings won
A24: ELIGIBLE REPS | D24: REPS BELOW THRESHOLD | G24: AVG PAYOUT PER ELIGIBLE REP | J24: ACCELERATOR $ PAID (TIER 2+3)
A25: =COUNTIFS($F$165:$F$214,"Active",$J$165:$J$214,TRUE()) -> 37 | D25: =COUNTIFS($F$165:$F$214,"Active",$J$165:$J$214,FALSE()) -> 5 | G25: =IFERROR(SUM($N$165:$N$214)/COUNTIFS($F$165:$F$214,"Active",$J$165:$J$214,TRUE()),"") -> 15745.095 | J25: =SUM($L$165:$L$214)+SUM($M$165:$M$214) -> 122882.5
A26: active reps ≥ eligibility threshold | D26: active reps earning $0 commission | G26: total payout ÷ eligible headcount | J26: commission earned above Tier 1
A29: COMMISSION TREND for 24-MONTH HISTORY
A62: ="COMMISSION BY ROLE & TEAM for: " &D6&"" -> COMMISSION BY ROLE & TEAM for: Trailing 12 Months
A82: Role | B82: Eligible Reps | C82: Bookings Won | D82: Total Commission | E82: Avg Effective Rate | G82: Team | H82: Eligible Reps | I82: Bookings Won | J82: Total Commission | K82: Avg Effective Rate
A83: SDR / Inside Sales Rep | B83: =COUNTIFS($C$165:$C$214,A83,$F$165:$F$214,"Active",$J$165:$J$214,TRUE()) -> 20 | C83: =SUMIF($C$165:$C$214,A83,$H$165:$H$214) -> 3630000 | D83: =SUMIF($C$165:$C$214,A83,$N$165:$N$214) -> 112484 | E83: =IFERROR(D83/C83,"") -> 0.030987328 | G83: Inside Sales | H83: =COUNTIFS($D$165:$D$214,G83,$F$165:$F$214,"Active",$J$165:$J$214,TRUE()) -> 20 | I83: =SUMIF($D$165:$D$214,G83,$H$165:$H$214) -> 3630000 | J83: =SUMIF($D$165:$D$214,G83,$N$165:$N$214) -> 112484 | K83: =IFERROR(J83/I83,"") -> 0.030987328
A84: Mid-Market AE | B84: =COUNTIFS($C$165:$C$214,A84,$F$165:$F$214,"Active",$J$165:$J$214,TRUE()) -> 10 | C84: =SUMIF($C$165:$C$214,A84,$H$165:$H$214) -> 2656200 | D84: =SUMIF($C$165:$C$214,A84,$N$165:$N$214) -> 146810.5 | E84: =IFERROR(D84/C84,"") -> 0.055270876 | G84: Mid-Market | H84: =COUNTIFS($D$165:$D$214,G84,$F$165:$F$214,"Active",$J$165:$J$214,TRUE()) -> 10 | I84: =SUMIF($D$165:$D$214,G84,$H$165:$H$214) -> 2656200 | J84: =SUMIF($D$165:$D$214,G84,$N$165:$N$214) -> 146810.5 | K84: =IFERROR(J84/I84,"") -> 0.055270876
A85: Enterprise AE | B85: =COUNTIFS($C$165:$C$214,A85,$F$165:$F$214,"Active",$J$165:$J$214,TRUE()) -> 4 | C85: =SUMIF($C$165:$C$214,A85,$H$165:$H$214) -> 2337100 | D85: =SUMIF($C$165:$C$214,A85,$N$165:$N$214) -> 156646 | E85: =IFERROR(D85/C85,"") -> 0.067025801 | G85: Enterprise | H85: =COUNTIFS($D$165:$D$214,G85,$F$165:$F$214,"Active",$J$165:$J$214,TRUE()) -> 4 | I85: =SUMIF($D$165:$D$214,G85,$H$165:$H$214) -> 2337100 | J85: =SUMIF($D$165:$D$214,G85,$N$165:$N$214) -> 156646 | K85: =IFERROR(J85/I85,"") -> 0.067025801
A86: Senior Enterprise AE | B86: =COUNTIFS($C$165:$C$214,A86,$F$165:$F$214,"Active",$J$165:$J$214,TRUE()) -> 3 | C86: =SUMIF($C$165:$C$214,A86,$H$165:$H$214) -> 2239600 | D86: =SUMIF($C$165:$C$214,A86,$N$165:$N$214) -> 166628 | E86: =IFERROR(D86/C86,"") -> 0.074400786 | G86: Strategic | H86: =COUNTIFS($D$165:$D$214,G86,$F$165:$F$214,"Active",$J$165:$J$214,TRUE()) -> 3 | I86: =SUMIF($D$165:$D$214,G86,$H$165:$H$214) -> 2239600 | J86: =SUMIF($D$165:$D$214,G86,$N$165:$N$214) -> 166628 | K86: =IFERROR(J86/I86,"") -> 0.074400786
A89: ="PER-REP COMMISSION for: " &D6&" (RANKED BY PAYOUT)" -> PER-REP COMMISSION for: Trailing 12 Months (RANKED BY PAYOUT)
A91: Rank | B91: Rep Name | C91: Role | D91: Team | E91: Region | F91: Quota | G91: Bookings Won | H91: Attainment % | I91: Eligible? | J91: Tier 1 $ | K91: Tier 2 $ | L91: Tier 3 $ | M91: Total Commission | N91: Effective Rate %
A92: 1 | B92: =IFERROR(INDEX($B$165:$B$214,MATCH(LARGE($P$165:$P$214,1),$P$165:$P$214,0)),"") -> Fatima Rossi | C92: =IFERROR(INDEX($C$165:$C$214,MATCH(LARGE($P$165:$P$214,1),$P$165:$P$214,0)),"") -> Senior Enterprise AE | D92: =IFERROR(INDEX($D$165:$D$214,MATCH(LARGE($P$165:$P$214,1),$P$165:$P$214,0)),"") -> Strategic | E92: =IFERROR(INDEX($E$165:$E$214,MATCH(LARGE($P$165:$P$214,1),$P$165:$P$214,0)),"") -> NAMER | F92: =IFERROR(INDEX($G$165:$G$214,MATCH(LARGE($P$165:$P$214,1),$P$165:$P$214,0)),"") -> 565500 | G92: =IFERROR(INDEX($H$165:$H$214,MATCH(LARGE($P$165:$P$214,1),$P$165:$P$214,0)),"") -> 719200 | H92: =IFERROR(INDEX($I$165:$I$214,MATCH(LARGE($P$165:$P$214,1),$P$165:$P$214,0)),"") -> 1.2717949 | I92: =IFERROR(INDEX($J$165:$J$214,MATCH(LARGE($P$165:$P$214,1),$P$165:$P$214,0)),"") -> TRUE | J92: =IFERROR(INDEX($K$165:$K$214,MATCH(LARGE($P$165:$P$214,1),$P$165:$P$214,0)),"") -> 39585 | K92: =IFERROR(INDEX($L$165:$L$214,MATCH(LARGE($P$165:$P$214,1),$P$165:$P$214,0)),"") -> 16907 | L92: =IFERROR(INDEX($M$165:$M$214,MATCH(LARGE($P$165:$P$214,1),$P$165:$P$214,0)),"") -> 0 | M92: =IFERROR(INDEX($N$165:$N$214,MATCH(LARGE($P$165:$P$214,1),$P$165:$P$214,0)),"") -> 56492 | N92: =IFERROR(INDEX($O$165:$O$214,MATCH(LARGE($P$165:$P$214,1),$P$165:$P$214,0)),"") -> 0.078548387
A93: 2 | B93: =IFERROR(INDEX($B$165:$B$214,MATCH(LARGE($P$165:$P$214,2),$P$165:$P$214,0)),"") -> Cameron Lund | C93: =IFERROR(INDEX($C$165:$C$214,MATCH(LARGE($P$165:$P$214,2),$P$165:$P$214,0)),"") -> Senior Enterprise AE | D93: =IFERROR(INDEX($D$165:$D$214,MATCH(LARGE($P$165:$P$214,2),$P$165:$P$214,0)),"") -> Strategic | E93: =IFERROR(INDEX($E$165:$E$214,MATCH(LARGE($P$165:$P$214,2),$P$165:$P$214,0)),"") -> LATAM | F93: =IFERROR(INDEX($G$165:$G$214,MATCH(LARGE($P$165:$P$214,2),$P$165:$P$214,0)),"") -> 575500 | G93: =IFERROR(INDEX($H$165:$H$214,MATCH(LARGE($P$165:$P$214,2),$P$165:$P$214,0)),"") -> 668200 | H93: =IFERROR(INDEX($I$165:$I$214,MATCH(LARGE($P$165:$P$214,2),$P$165:$P$214,0)),"") -> 1.1610773 | I93: =IFERROR(INDEX($J$165:$J$214,MATCH(LARGE($P$165:$P$214,2),$P$165:$P$214,0)),"") -> TRUE | J93: =IFERROR(INDEX($K$165:$K$214,MATCH(LARGE($P$165:$P$214,2),$P$165:$P$214,0)),"") -> 40285 | K93: =IFERROR(INDEX($L$165:$L$214,MATCH(LARGE($P$165:$P$214,2),$P$165:$P$214,0)),"") -> 10197 | L93: =IFERROR(INDEX($M$165:$M$214,MATCH(LARGE($P$165:$P$214,2),$P$165:$P$214,0)),"") -> 0 | M93: =IFERROR(INDEX($N$165:$N$214,MATCH(LARGE($P$165:$P$214,2),$P$165:$P$214,0)),"") -> 50482 | N93: =IFERROR(INDEX($O$165:$O$214,MATCH(LARGE($P$165:$P$214,2),$P$165:$P$214,0)),"") -> 0.075549237
A94: 3 | B94: =IFERROR(INDEX($B$165:$B$214,MATCH(LARGE($P$165:$P$214,3),$P$165:$P$214,0)),"") -> Sara Andersson | C94: =IFERROR(INDEX($C$165:$C$214,MATCH(LARGE($P$165:$P$214,3),$P$165:$P$214,0)),"") -> Senior Enterprise AE | D94: =IFERROR(INDEX($D$165:$D$214,MATCH(LARGE($P$165:$P$214,3),$P$165:$P$214,0)),"") -> Strategic | E94: =IFERROR(INDEX($E$165:$E$214,MATCH(LARGE($P$165:$P$214,3),$P$165:$P$214,0)),"") -> APAC | F94: =IFERROR(INDEX($G$165:$G$214,MATCH(LARGE($P$165:$P$214,3),$P$165:$P$214,0)),"") -> 575900 | G94: =IFERROR(INDEX($H$165:$H$214,MATCH(LARGE($P$165:$P$214,3),$P$165:$P$214,0)),"") -> 478200 | H94: =IFERROR(INDEX($I$165:$I$214,MATCH(LARGE($P$165:$P$214,3),$P$165:$P$214,0)),"") -> 0.83035249 | I94: =IFERROR(INDEX($J$165:$J$214,MATCH(LARGE($P$165:$P$214,3),$P$165:$P$214,0)),"") -> TRUE | J94: =IFERROR(INDEX($K$165:$K$214,MATCH(LARGE($P$165:$P$214,3),$P$165:$P$214,0)),"") -> 33474 | K94: =IFERROR(INDEX($L$165:$L$214,MATCH(LARGE($P$165:$P$214,3),$P$165:$P$214,0)),"") -> 0 | L94: =IFERROR(INDEX($M$165:$M$214,MATCH(LARGE($P$165:$P$214,3),$P$165:$P$214,0)),"") -> 0 | M94: =IFERROR(INDEX($N$165:$N$214,MATCH(LARGE($P$165:$P$214,3),$P$165:$P$214,0)),"") -> 33474 | N94: =IFERROR(INDEX($O$165:$O$214,MATCH(LARGE($P$165:$P$214,3),$P$165:$P$214,0)),"") -> 0.07
A95: 4 | B95: =IFERROR(INDEX($B$165:$B$214,MATCH(LARGE($P$165:$P$214,4),$P$165:$P$214,0)),"") -> Milo Weber | C95: =IFERROR(INDEX($C$165:$C$214,MATCH(LARGE($P$165:$P$214,4),$P$165:$P$214,0)),"") -> Enterprise AE | D95: =IFERROR(INDEX($D$165:$D$214,MATCH(LARGE($P$165:$P$214,4),$P$165:$P$214,0)),"") -> Enterprise | E95: =IFERROR(INDEX($E$165:$E$214,MATCH(LARGE($P$165:$P$214,4),$P$165:$P$214,0)),"") -> NAMER | F95: =IFERROR(INDEX($G$165:$G$214,MATCH(LARGE($P$165:$P$214,4),$P$165:$P$214,0)),"") -> 387900 | G95: =IFERROR(INDEX($H$165:$H$214,MATCH(LARGE($P$165:$P$214,4),$P$165:$P$214,0)),"") -> 473100 | H95: =IFERROR(INDEX($I$165:$I$214,MATCH(LARGE($P$165:$P$214,4),$P$165:$P$214,0)),"") -> 1.2196442 | I95: =IFERROR(INDEX($J$165:$J$214,MATCH(LARGE($P$165:$P$214,4),$P$165:$P$214,0)),"") -> TRUE | J95: =IFERROR(INDEX($K$165:$K$214,MATCH(LARGE($P$165:$P$214,4),$P$165:$P$214,0)),"") -> 23274 | K95: =IFERROR(INDEX($L$165:$L$214,MATCH(LARGE($P$165:$P$214,4),$P$165:$P$214,0)),"") -> 8520 | L95: =IFERROR(INDEX($M$165:$M$214,MATCH(LARGE($P$165:$P$214,4),$P$165:$P$214,0)),"") -> 0 | M95: =IFERROR(INDEX($N$165:$N$214,MATCH(LARGE($P$165:$P$214,4),$P$165:$P$214,0)),"") -> 31794 | N95: =IFERROR(INDEX($O$165:$O$214,MATCH(LARGE($P$165:$P$214,4),$P$165:$P$214,0)),"") -> 0.067203551
A96: 5 | B96: =IFERROR(INDEX($B$165:$B$214,MATCH(LARGE($P$165:$P$214,5),$P$165:$P$214,0)),"") -> Sam Schmidt | C96: =IFERROR(INDEX($C$165:$C$214,MATCH(LARGE($P$165:$P$214,5),$P$165:$P$214,0)),"") -> Enterprise AE | D96: =IFERROR(INDEX($D$165:$D$214,MATCH(LARGE($P$165:$P$214,5),$P$165:$P$214,0)),"") -> Enterprise | E96: =IFERROR(INDEX($E$165:$E$214,MATCH(LARGE($P$165:$P$214,5),$P$165:$P$214,0)),"") -> EMEA | F96: =IFERROR(INDEX($G$165:$G$214,MATCH(LARGE($P$165:$P$214,5),$P$165:$P$214,0)),"") -> 381100 | G96: =IFERROR(INDEX($H$165:$H$214,MATCH(LARGE($P$165:$P$214,5),$P$165:$P$214,0)),"") -> 450300 | H96: =IFERROR(INDEX($I$165:$I$214,MATCH(LARGE($P$165:$P$214,5),$P$165:$P$214,0)),"") -> 1.1815796 | I96: =IFERROR(INDEX($J$165:$J$214,MATCH(LARGE($P$165:$P$214,5),$P$165:$P$214,0)),"") -> TRUE | J96: =IFERROR(INDEX($K$165:$K$214,MATCH(LARGE($P$165:$P$214,5),$P$165:$P$214,0)),"") -> 22866 | K96: =IFERROR(INDEX($L$165:$L$214,MATCH(LARGE($P$165:$P$214,5),$P$165:$P$214,0)),"") -> 6920 | L96: =IFERROR(INDEX($M$165:$M$214,MATCH(LARGE($P$165:$P$214,5),$P$165:$P$214,0)),"") -> 0 | M96: =IFERROR(INDEX($N$165:$N$214,MATCH(LARGE($P$165:$P$214,5),$P$165:$P$214,0)),"") -> 29786 | N96: =IFERROR(INDEX($O$165:$O$214,MATCH(LARGE($P$165:$P$214,5),$P$165:$P$214,0)),"") -> 0.066147013
A97: 6 | B97: =IFERROR(INDEX($B$165:$B$214,MATCH(LARGE($P$165:$P$214,6),$P$165:$P$214,0)),"") -> Zara Duarte | C97: =IFERROR(INDEX($C$165:$C$214,MATCH(LARGE($P$165:$P$214,6),$P$165:$P$214,0)),"") -> Enterprise AE | D97: =IFERROR(INDEX($D$165:$D$214,MATCH(LARGE($P$165:$P$214,6),$P$165:$P$214,0)),"") -> Enterprise | E97: =IFERROR(INDEX($E$165:$E$214,MATCH(LARGE($P$165:$P$214,6),$P$165:$P$214,0)),"") -> NAMER | F97: =IFERROR(INDEX($G$165:$G$214,MATCH(LARGE($P$165:$P$214,6),$P$165:$P$214,0)),"") -> 380500 | G97: =IFERROR(INDEX($H$165:$H$214,MATCH(LARGE($P$165:$P$214,6),$P$165:$P$214,0)),"") -> 423000 | H97: =IFERROR(INDEX($I$165:$I$214,MATCH(LARGE($P$165:$P$214,6),$P$165:$P$214,0)),"") -> 1.1116951 | I97: =IFERROR(INDEX($J$165:$J$214,MATCH(LARGE($P$165:$P$214,6),$P$165:$P$214,0)),"") -> TRUE | J97: =IFERROR(INDEX($K$165:$K$214,MATCH(LARGE($P$165:$P$214,6),$P$165:$P$214,0)),"") -> 22830 | K97: =IFERROR(INDEX($L$165:$L$214,MATCH(LARGE($P$165:$P$214,6),$P$165:$P$214,0)),"") -> 4250 | L97: =IFERROR(INDEX($M$165:$M$214,MATCH(LARGE($P$165:$P$214,6),$P$165:$P$214,0)),"") -> 0 | M97: =IFERROR(INDEX($N$165:$N$214,MATCH(LARGE($P$165:$P$214,6),$P$165:$P$214,0)),"") -> 27080 | N97: =IFERROR(INDEX($O$165:$O$214,MATCH(LARGE($P$165:$P$214,6),$P$165:$P$214,0)),"") -> 0.064018913
A98: 7 | B98: =IFERROR(INDEX($B$165:$B$214,MATCH(LARGE($P$165:$P$214,7),$P$165:$P$214,0)),"") -> Erik Duarte | C98: =IFERROR(INDEX($C$165:$C$214,MATCH(LARGE($P$165:$P$214,7),$P$165:$P$214,0)),"") -> Mid-Market AE | D98: =IFERROR(INDEX($D$165:$D$214,MATCH(LARGE($P$165:$P$214,7),$P$165:$P$214,0)),"") -> Mid-Market | E98: =IFERROR(INDEX($E$165:$E$214,MATCH(LARGE($P$165:$P$214,7),$P$165:$P$214,0)),"") -> EMEA | F98: =IFERROR(INDEX($G$165:$G$214,MATCH(LARGE($P$165:$P$214,7),$P$165:$P$214,0)),"") -> 263800 | G98: =IFERROR(INDEX($H$165:$H$214,MATCH(LARGE($P$165:$P$214,7),$P$165:$P$214,0)),"") -> 397800 | H98: =IFERROR(INDEX($I$165:$I$214,MATCH(LARGE($P$165:$P$214,7),$P$165:$P$214,0)),"") -> 1.5079606 | I98: =IFERROR(INDEX($J$165:$J$214,MATCH(LARGE($P$165:$P$214,7),$P$165:$P$214,0)),"") -> TRUE | J98: =IFERROR(INDEX($K$165:$K$214,MATCH(LARGE($P$165:$P$214,7),$P$165:$P$214,0)),"") -> 13190 | K98: =IFERROR(INDEX($L$165:$L$214,MATCH(LARGE($P$165:$P$214,7),$P$165:$P$214,0)),"") -> 10552 | L98: =IFERROR(INDEX($M$165:$M$214,MATCH(LARGE($P$165:$P$214,7),$P$165:$P$214,0)),"") -> 231 | M98: =IFERROR(INDEX($N$165:$N$214,MATCH(LARGE($P$165:$P$214,7),$P$165:$P$214,0)),"") -> 23973 | N98: =IFERROR(INDEX($O$165:$O$214,MATCH(LARGE($P$165:$P$214,7),$P$165:$P$214,0)),"") -> 0.060263952
A99: 8 | B99: =IFERROR(INDEX($B$165:$B$214,MATCH(LARGE($P$165:$P$214,8),$P$165:$P$214,0)),"") -> Noah Kim | C99: =IFERROR(INDEX($C$165:$C$214,MATCH(LARGE($P$165:$P$214,8),$P$165:$P$214,0)),"") -> Enterprise AE | D99: =IFERROR(INDEX($D$165:$D$214,MATCH(LARGE($P$165:$P$214,8),$P$165:$P$214,0)),"") -> Enterprise | E99: =IFERROR(INDEX($E$165:$E$214,MATCH(LARGE($P$165:$P$214,8),$P$165:$P$214,0)),"") -> LATAM | F99: =IFERROR(INDEX($G$165:$G$214,MATCH(LARGE($P$165:$P$214,8),$P$165:$P$214,0)),"") -> 385300 | G99: =IFERROR(INDEX($H$165:$H$214,MATCH(LARGE($P$165:$P$214,8),$P$165:$P$214,0)),"") -> 369900 | H99: =IFERROR(INDEX($I$165:$I$214,MATCH(LARGE($P$165:$P$214,8),$P$165:$P$214,0)),"") -> 0.96003114 | I99: =IFERROR(INDEX($J$165:$J$214,MATCH(LARGE($P$165:$P$214,8),$P$165:$P$214,0)),"") -> TRUE | J99: =IFERROR(INDEX($K$165:$K$214,MATCH(LARGE($P$165:$P$214,8),$P$165:$P$214,0)),"") -> 22194 | K99: =IFERROR(INDEX($L$165:$L$214,MATCH(LARGE($P$165:$P$214,8),$P$165:$P$214,0)),"") -> 0 | L99: =IFERROR(INDEX($M$165:$M$214,MATCH(LARGE($P$165:$P$214,8),$P$165:$P$214,0)),"") -> 0 | M99: =IFERROR(INDEX($N$165:$N$214,MATCH(LARGE($P$165:$P$214,8),$P$165:$P$214,0)),"") -> 22194 | N99: =IFERROR(INDEX($O$165:$O$214,MATCH(LARGE($P$165:$P$214,8),$P$165:$P$214,0)),"") -> 0.06
A100: 9 | B100: =IFERROR(INDEX($B$165:$B$214,MATCH(LARGE($P$165:$P$214,9),$P$165:$P$214,0)),"") -> Yuki Dubois | C100: =IFERROR(INDEX($C$165:$C$214,MATCH(LARGE($P$165:$P$214,9),$P$165:$P$214,0)),"") -> Mid-Market AE | D100: =IFERROR(INDEX($D$165:$D$214,MATCH(LARGE($P$165:$P$214,9),$P$165:$P$214,0)),"") -> Mid-Market | E100: =IFERROR(INDEX($E$165:$E$214,MATCH(LARGE($P$165:$P$214,9),$P$165:$P$214,0)),"") -> LATAM | F100: =IFERROR(INDEX($G$165:$G$214,MATCH(LARGE($P$165:$P$214,9),$P$165:$P$214,0)),"") -> 264100 | G100: =IFERROR(INDEX($H$165:$H$214,MATCH(LARGE($P$165:$P$214,9),$P$165:$P$214,0)),"") -> 360400 | H100: =IFERROR(INDEX($I$165:$I$214,MATCH(LARGE($P$165:$P$214,9),$P$165:$P$214,0)),"") -> 1.3646346 | I100: =IFERROR(INDEX($J$165:$J$214,MATCH(LARGE($P$165:$P$214,9),$P$165:$P$214,0)),"") -> TRUE | J100: =IFERROR(INDEX($K$165:$K$214,MATCH(LARGE($P$165:$P$214,9),$P$165:$P$214,0)),"") -> 13205 | K100: =IFERROR(INDEX($L$165:$L$214,MATCH(LARGE($P$165:$P$214,9),$P$165:$P$214,0)),"") -> 7704 | L100: =IFERROR(INDEX($M$165:$M$214,MATCH(LARGE($P$165:$P$214,9),$P$165:$P$214,0)),"") -> 0 | M100: =IFERROR(INDEX($N$165:$N$214,MATCH(LARGE($P$165:$P$214,9),$P$165:$P$214,0)),"") -> 20909 | N100: =IFERROR(INDEX($O$165:$O$214,MATCH(LARGE($P$165:$P$214,9),$P$165:$P$214,0)),"") -> 0.058016093
A101: 10 | B101: =IFERROR(INDEX($B$165:$B$214,MATCH(LARGE($P$165:$P$214,10),$P$165:$P$214,0)),"") -> Felix Okafor | C101: =IFERROR(INDEX($C$165:$C$214,MATCH(LARGE($P$165:$P$214,10),$P$165:$P$214,0)),"") -> Mid-Market AE | D101: =IFERROR(INDEX($D$165:$D$214,MATCH(LARGE($P$165:$P$214,10),$P$165:$P$214,0)),"") -> Mid-Market | E101: =IFERROR(INDEX($E$165:$E$214,MATCH(LARGE($P$165:$P$214,10),$P$165:$P$214,0)),"") -> EMEA | F101: =IFERROR(INDEX($G$165:$G$214,MATCH(LARGE($P$165:$P$214,10),$P$165:$P$214,0)),"") -> 263400 | G101: =IFERROR(INDEX($H$165:$H$214,MATCH(LARGE($P$165:$P$214,10),$P$165:$P$214,0)),"") -> 354500 | H101: =IFERROR(INDEX($I$165:$I$214,MATCH(LARGE($P$165:$P$214,10),$P$165:$P$214,0)),"") -> 1.3458618 | I101: =IFERROR(INDEX($J$165:$J$214,MATCH(LARGE($P$165:$P$214,10),$P$165:$P$214,0)),"") -> TRUE | J101: =IFERROR(INDEX($K$165:$K$214,MATCH(LARGE($P$165:$P$214,10),$P$165:$P$214,0)),"") -> 13170 | K101: =IFERROR(INDEX($L$165:$L$214,MATCH(LARGE($P$165:$P$214,10),$P$165:$P$214,0)),"") -> 7288 | L101: =IFERROR(INDEX($M$165:$M$214,MATCH(LARGE($P$165:$P$214,10),$P$165:$P$214,0)),"") -> 0 | M101: =IFERROR(INDEX($N$165:$N$214,MATCH(LARGE($P$165:$P$214,10),$P$165:$P$214,0)),"") -> 20458 | N101: =IFERROR(INDEX($O$165:$O$214,MATCH(LARGE($P$165:$P$214,10),$P$165:$P$214,0)),"") -> 0.05770945
A102: 11 | B102: =IFERROR(INDEX($B$165:$B$214,MATCH(LARGE($P$165:$P$214,11),$P$165:$P$214,0)),"") -> Ivy Adler | C102: =IFERROR(INDEX($C$165:$C$214,MATCH(LARGE($P$165:$P$214,11),$P$165:$P$214,0)),"") -> Mid-Market AE | D102: =IFERROR(INDEX($D$165:$D$214,MATCH(LARGE($P$165:$P$214,11),$P$165:$P$214,0)),"") -> Mid-Market | E102: =IFERROR(INDEX($E$165:$E$214,MATCH(LARGE($P$165:$P$214,11),$P$165:$P$214,0)),"") -> APAC | F102: =IFERROR(INDEX($G$165:$G$214,MATCH(LARGE($P$165:$P$214,11),$P$165:$P$214,0)),"") -> 267800 | G102: =IFERROR(INDEX($H$165:$H$214,MATCH(LARGE($P$165:$P$214,11),$P$165:$P$214,0)),"") -> 319800 | H102: =IFERROR(INDEX($I$165:$I$214,MATCH(LARGE($P$165:$P$214,11),$P$165:$P$214,0)),"") -> 1.1941748 | I102: =IFERROR(INDEX($J$165:$J$214,MATCH(LARGE($P$165:$P$214,11),$P$165:$P$214,0)),"") -> TRUE | J102: =IFERROR(INDEX($K$165:$K$214,MATCH(LARGE($P$165:$P$214,11),$P$165:$P$214,0)),"") -> 13390 | K102: =IFERROR(INDEX($L$165:$L$214,MATCH(LARGE($P$165:$P$214,11),$P$165:$P$214,0)),"") -> 4160 | L102: =IFERROR(INDEX($M$165:$M$214,MATCH(LARGE($P$165:$P$214,11),$P$165:$P$214,0)),"") -> 0 | M102: =IFERROR(INDEX($N$165:$N$214,MATCH(LARGE($P$165:$P$214,11),$P$165:$P$214,0)),"") -> 17550 | N102: =IFERROR(INDEX($O$165:$O$214,MATCH(LARGE($P$165:$P$214,11),$P$165:$P$214,0)),"") -> 0.054878049
A103: 12 | B103: =IFERROR(INDEX($B$165:$B$214,MATCH(LARGE($P$165:$P$214,12),$P$165:$P$214,0)),"") -> Jonas Sato | C103: =IFERROR(INDEX($C$165:$C$214,MATCH(LARGE($P$165:$P$214,12),$P$165:$P$214,0)),"") -> Mid-Market AE | D103: =IFERROR(INDEX($D$165:$D$214,MATCH(LARGE($P$165:$P$214,12),$P$165:$P$214,0)),"") -> Mid-Market | E103: =IFERROR(INDEX($E$165:$E$214,MATCH(LARGE($P$165:$P$214,12),$P$165:$P$214,0)),"") -> LATAM | F103: =IFERROR(INDEX($G$165:$G$214,MATCH(LARGE($P$165:$P$214,12),$P$165:$P$214,0)),"") -> 262900 | G103: =IFERROR(INDEX($H$165:$H$214,MATCH(LARGE($P$165:$P$214,12),$P$165:$P$214,0)),"") -> 271800 | H103: =IFERROR(INDEX($I$165:$I$214,MATCH(LARGE($P$165:$P$214,12),$P$165:$P$214,0)),"") -> 1.0338532 | I103: =IFERROR(INDEX($J$165:$J$214,MATCH(LARGE($P$165:$P$214,12),$P$165:$P$214,0)),"") -> TRUE | J103: =IFERROR(INDEX($K$165:$K$214,MATCH(LARGE($P$165:$P$214,12),$P$165:$P$214,0)),"") -> 13145 | K103: =IFERROR(INDEX($L$165:$L$214,MATCH(LARGE($P$165:$P$214,12),$P$165:$P$214,0)),"") -> 712 | L103: =IFERROR(INDEX($M$165:$M$214,MATCH(LARGE($P$165:$P$214,12),$P$165:$P$214,0)),"") -> 0 | M103: =IFERROR(INDEX($N$165:$N$214,MATCH(LARGE($P$165:$P$214,12),$P$165:$P$214,0)),"") -> 13857 | N103: =IFERROR(INDEX($O$165:$O$214,MATCH(LARGE($P$165:$P$214,12),$P$165:$P$214,0)),"") -> 0.05098234
A104: 13 | B104: =IFERROR(INDEX($B$165:$B$214,MATCH(LARGE($P$165:$P$214,13),$P$165:$P$214,0)),"") -> Morgan Weber | C104: =IFERROR(INDEX($C$165:$C$214,MATCH(LARGE($P$165:$P$214,13),$P$165:$P$214,0)),"") -> Mid-Market AE | D104: =IFERROR(INDEX($D$165:$D$214,MATCH(LARGE($P$165:$P$214,13),$P$165:$P$214,0)),"") -> Mid-Market | E104: =IFERROR(INDEX($E$165:$E$214,MATCH(LARGE($P$165:$P$214,13),$P$165:$P$214,0)),"") -> NAMER | F104: =IFERROR(INDEX($G$165:$G$214,MATCH(LARGE($P$165:$P$214,13),$P$165:$P$214,0)),"") -> 262000 | G104: =IFERROR(INDEX($H$165:$H$214,MATCH(LARGE($P$165:$P$214,13),$P$165:$P$214,0)),"") -> 218400 | H104: =IFERROR(INDEX($I$165:$I$214,MATCH(LARGE($P$165:$P$214,13),$P$165:$P$214,0)),"") -> 0.83358779 | I104: =IFERROR(INDEX($J$165:$J$214,MATCH(LARGE($P$165:$P$214,13),$P$165:$P$214,0)),"") -> TRUE | J104: =IFERROR(INDEX($K$165:$K$214,MATCH(LARGE($P$165:$P$214,13),$P$165:$P$214,0)),"") -> 10920 | K104: =IFERROR(INDEX($L$165:$L$214,MATCH(LARGE($P$165:$P$214,13),$P$165:$P$214,0)),"") -> 0 | L104: =IFERROR(INDEX($M$165:$M$214,MATCH(LARGE($P$165:$P$214,13),$P$165:$P$214,0)),"") -> 0 | M104: =IFERROR(INDEX($N$165:$N$214,MATCH(LARGE($P$165:$P$214,13),$P$165:$P$214,0)),"") -> 10920 | N104: =IFERROR(INDEX($O$165:$O$214,MATCH(LARGE($P$165:$P$214,13),$P$165:$P$214,0)),"") -> 0.05
A105: 14 | B105: =IFERROR(INDEX($B$165:$B$214,MATCH(LARGE($P$165:$P$214,14),$P$165:$P$214,0)),"") -> Olivia Cohen | C105: =IFERROR(INDEX($C$165:$C$214,MATCH(LARGE($P$165:$P$214,14),$P$165:$P$214,0)),"") -> Mid-Market AE | D105: =IFERROR(INDEX($D$165:$D$214,MATCH(LARGE($P$165:$P$214,14),$P$165:$P$214,0)),"") -> Mid-Market | E105: =IFERROR(INDEX($E$165:$E$214,MATCH(LARGE($P$165:$P$214,14),$P$165:$P$214,0)),"") -> APAC | F105: =IFERROR(INDEX($G$165:$G$214,MATCH(LARGE($P$165:$P$214,14),$P$165:$P$214,0)),"") -> 265200 | G105: =IFERROR(INDEX($H$165:$H$214,MATCH(LARGE($P$165:$P$214,14),$P$165:$P$214,0)),"") -> 204200 | H105: =IFERROR(INDEX($I$165:$I$214,MATCH(LARGE($P$165:$P$214,14),$P$165:$P$214,0)),"") -> 0.76998492 | I105: =IFERROR(INDEX($J$165:$J$214,MATCH(LARGE($P$165:$P$214,14),$P$165:$P$214,0)),"") -> TRUE | J105: =IFERROR(INDEX($K$165:$K$214,MATCH(LARGE($P$165:$P$214,14),$P$165:$P$214,0)),"") -> 10210 | K105: =IFERROR(INDEX($L$165:$L$214,MATCH(LARGE($P$165:$P$214,14),$P$165:$P$214,0)),"") -> 0 | L105: =IFERROR(INDEX($M$165:$M$214,MATCH(LARGE($P$165:$P$214,14),$P$165:$P$214,0)),"") -> 0 | M105: =IFERROR(INDEX($N$165:$N$214,MATCH(LARGE($P$165:$P$214,14),$P$165:$P$214,0)),"") -> 10210 | N105: =IFERROR(INDEX($O$165:$O$214,MATCH(LARGE($P$165:$P$214,14),$P$165:$P$214,0)),"") -> 0.05
A106: 15 | B106: =IFERROR(INDEX($B$165:$B$214,MATCH(LARGE($P$165:$P$214,15),$P$165:$P$214,0)),"") -> Lucas Okafor | C106: =IFERROR(INDEX($C$165:$C$214,MATCH(LARGE($P$165:$P$214,15),$P$165:$P$214,0)),"") -> SDR / Inside Sales Rep | D106: =IFERROR(INDEX($D$165:$D$214,MATCH(LARGE($P$165:$P$214,15),$P$165:$P$214,0)),"") -> Inside Sales | E106: =IFERROR(INDEX($E$165:$E$214,MATCH(LARGE($P$165:$P$214,15),$P$165:$P$214,0)),"") -> APAC | F106: =IFERROR(INDEX($G$165:$G$214,MATCH(LARGE($P$165:$P$214,15),$P$165:$P$214,0)),"") -> 185300 | G106: =IFERROR(INDEX($H$165:$H$214,MATCH(LARGE($P$165:$P$214,15),$P$165:$P$214,0)),"") -> 237400 | H106: =IFERROR(INDEX($I$165:$I$214,MATCH(LARGE($P$165:$P$214,15),$P$165:$P$214,0)),"") -> 1.2811657 | I106: =IFERROR(INDEX($J$165:$J$214,MATCH(LARGE($P$165:$P$214,15),$P$165:$P$214,0)),"") -> TRUE | J106: =IFERROR(INDEX($K$165:$K$214,MATCH(LARGE($P$165:$P$214,15),$P$165:$P$214,0)),"") -> 5559 | K106: =IFERROR(INDEX($L$165:$L$214,MATCH(LARGE($P$165:$P$214,15),$P$165:$P$214,0)),"") -> 2605 | L106: =IFERROR(INDEX($M$165:$M$214,MATCH(LARGE($P$165:$P$214,15),$P$165:$P$214,0)),"") -> 0 | M106: =IFERROR(INDEX($N$165:$N$214,MATCH(LARGE($P$165:$P$214,15),$P$165:$P$214,0)),"") -> 8164 | N106: =IFERROR(INDEX($O$165:$O$214,MATCH(LARGE($P$165:$P$214,15),$P$165:$P$214,0)),"") -> 0.034389217
A107: 16 | B107: =IFERROR(INDEX($B$165:$B$214,MATCH(LARGE($P$165:$P$214,16),$P$165:$P$214,0)),"") -> Lucas Duarte | C107: =IFERROR(INDEX($C$165:$C$214,MATCH(LARGE($P$165:$P$214,16),$P$165:$P$214,0)),"") -> SDR / Inside Sales Rep | D107: =IFERROR(INDEX($D$165:$D$214,MATCH(LARGE($P$165:$P$214,16),$P$165:$P$214,0)),"") -> Inside Sales | E107: =IFERROR(INDEX($E$165:$E$214,MATCH(LARGE($P$165:$P$214,16),$P$165:$P$214,0)),"") -> LATAM | F107: =IFERROR(INDEX($G$165:$G$214,MATCH(LARGE($P$165:$P$214,16),$P$165:$P$214,0)),"") -> 185800 | G107: =IFERROR(INDEX($H$165:$H$214,MATCH(LARGE($P$165:$P$214,16),$P$165:$P$214,0)),"") -> 236300 | H107: =IFERROR(INDEX($I$165:$I$214,MATCH(LARGE($P$165:$P$214,16),$P$165:$P$214,0)),"") -> 1.2717976 | I107: =IFERROR(INDEX($J$165:$J$214,MATCH(LARGE($P$165:$P$214,16),$P$165:$P$214,0)),"") -> TRUE | J107: =IFERROR(INDEX($K$165:$K$214,MATCH(LARGE($P$165:$P$214,16),$P$165:$P$214,0)),"") -> 5574 | K107: =IFERROR(INDEX($L$165:$L$214,MATCH(LARGE($P$165:$P$214,16),$P$165:$P$214,0)),"") -> 2525 | L107: =IFERROR(INDEX($M$165:$M$214,MATCH(LARGE($P$165:$P$214,16),$P$165:$P$214,0)),"") -> 0 | M107: =IFERROR(INDEX($N$165:$N$214,MATCH(LARGE($P$165:$P$214,16),$P$165:$P$214,0)),"") -> 8099 | N107: =IFERROR(INDEX($O$165:$O$214,MATCH(LARGE($P$165:$P$214,16),$P$165:$P$214,0)),"") -> 0.034274228
A108: 17 | B108: =IFERROR(INDEX($B$165:$B$214,MATCH(LARGE($P$165:$P$214,17),$P$165:$P$214,0)),"") -> Alex Muller | C108: =IFERROR(INDEX($C$165:$C$214,MATCH(LARGE($P$165:$P$214,17),$P$165:$P$214,0)),"") -> SDR / Inside Sales Rep | D108: =IFERROR(INDEX($D$165:$D$214,MATCH(LARGE($P$165:$P$214,17),$P$165:$P$214,0)),"") -> Inside Sales | E108: =IFERROR(INDEX($E$165:$E$214,MATCH(LARGE($P$165:$P$214,17),$P$165:$P$214,0)),"") -> NAMER | F108: =IFERROR(INDEX($G$165:$G$214,MATCH(LARGE($P$165:$P$214,17),$P$165:$P$214,0)),"") -> 185300 | G108: =IFERROR(INDEX($H$165:$H$214,MATCH(LARGE($P$165:$P$214,17),$P$165:$P$214,0)),"") -> 230600 | H108: =IFERROR(INDEX($I$165:$I$214,MATCH(LARGE($P$165:$P$214,17),$P$165:$P$214,0)),"") -> 1.2444684 | I108: =IFERROR(INDEX($J$165:$J$214,MATCH(LARGE($P$165:$P$214,17),$P$165:$P$214,0)),"") -> TRUE | J108: =IFERROR(INDEX($K$165:$K$214,MATCH(LARGE($P$165:$P$214,17),$P$165:$P$214,0)),"") -> 5559 | K108: =IFERROR(INDEX($L$165:$L$214,MATCH(LARGE($P$165:$P$214,17),$P$165:$P$214,0)),"") -> 2265 | L108: =IFERROR(INDEX($M$165:$M$214,MATCH(LARGE($P$165:$P$214,17),$P$165:$P$214,0)),"") -> 0 | M108: =IFERROR(INDEX($N$165:$N$214,MATCH(LARGE($P$165:$P$214,17),$P$165:$P$214,0)),"") -> 7824 | N108: =IFERROR(INDEX($O$165:$O$214,MATCH(LARGE($P$165:$P$214,17),$P$165:$P$214,0)),"") -> 0.033928881
A109: 18 | B109: =IFERROR(INDEX($B$165:$B$214,MATCH(LARGE($P$165:$P$214,18),$P$165:$P$214,0)),"") -> Kenji Weber | C109: =IFERROR(INDEX($C$165:$C$214,MATCH(LARGE($P$165:$P$214,18),$P$165:$P$214,0)),"") -> SDR / Inside Sales Rep | D109: =IFERROR(INDEX($D$165:$D$214,MATCH(LARGE($P$165:$P$214,18),$P$165:$P$214,0)),"") -> Inside Sales | E109: =IFERROR(INDEX($E$165:$E$214,MATCH(LARGE($P$165:$P$214,18),$P$165:$P$214,0)),"") -> APAC | F109: =IFERROR(INDEX($G$165:$G$214,MATCH(LARGE($P$165:$P$214,18),$P$165:$P$214,0)),"") -> 185100 | G109: =IFERROR(INDEX($H$165:$H$214,MATCH(LARGE($P$165:$P$214,18),$P$165:$P$214,0)),"") -> 216500 | H109: =IFERROR(INDEX($I$165:$I$214,MATCH(LARGE($P$165:$P$214,18),$P$165:$P$214,0)),"") -> 1.169638 | I109: =IFERROR(INDEX($J$165:$J$214,MATCH(LARGE($P$165:$P$214,18),$P$165:$P$214,0)),"") -> TRUE | J109: =IFERROR(INDEX($K$165:$K$214,MATCH(LARGE($P$165:$P$214,18),$P$165:$P$214,0)),"") -> 5553 | K109: =IFERROR(INDEX($L$165:$L$214,MATCH(LARGE($P$165:$P$214,18),$P$165:$P$214,0)),"") -> 1570 | L109: =IFERROR(INDEX($M$165:$M$214,MATCH(LARGE($P$165:$P$214,18),$P$165:$P$214,0)),"") -> 0 | M109: =IFERROR(INDEX($N$165:$N$214,MATCH(LARGE($P$165:$P$214,18),$P$165:$P$214,0)),"") -> 7123 | N109: =IFERROR(INDEX($O$165:$O$214,MATCH(LARGE($P$165:$P$214,18),$P$165:$P$214,0)),"") -> 0.032900693
A110: 19 | B110: =IFERROR(INDEX($B$165:$B$214,MATCH(LARGE($P$165:$P$214,19),$P$165:$P$214,0)),"") -> Milo Castro | C110: =IFERROR(INDEX($C$165:$C$214,MATCH(LARGE($P$165:$P$214,19),$P$165:$P$214,0)),"") -> SDR / Inside Sales Rep | D110: =IFERROR(INDEX($D$165:$D$214,MATCH(LARGE($P$165:$P$214,19),$P$165:$P$214,0)),"") -> Inside Sales | E110: =IFERROR(INDEX($E$165:$E$214,MATCH(LARGE($P$165:$P$214,19),$P$165:$P$214,0)),"") -> LATAM | F110: =IFERROR(INDEX($G$165:$G$214,MATCH(LARGE($P$165:$P$214,19),$P$165:$P$214,0)),"") -> 185800 | G110: =IFERROR(INDEX($H$165:$H$214,MATCH(LARGE($P$165:$P$214,19),$P$165:$P$214,0)),"") -> 212800 | H110: =IFERROR(INDEX($I$165:$I$214,MATCH(LARGE($P$165:$P$214,19),$P$165:$P$214,0)),"") -> 1.1453175 | I110: =IFERROR(INDEX($J$165:$J$214,MATCH(LARGE($P$165:$P$214,19),$P$165:$P$214,0)),"") -> TRUE | J110: =IFERROR(INDEX($K$165:$K$214,MATCH(LARGE($P$165:$P$214,19),$P$165:$P$214,0)),"") -> 5574 | K110: =IFERROR(INDEX($L$165:$L$214,MATCH(LARGE($P$165:$P$214,19),$P$165:$P$214,0)),"") -> 1350 | L110: =IFERROR(INDEX($M$165:$M$214,MATCH(LARGE($P$165:$P$214,19),$P$165:$P$214,0)),"") -> 0 | M110: =IFERROR(INDEX($N$165:$N$214,MATCH(LARGE($P$165:$P$214,19),$P$165:$P$214,0)),"") -> 6924 | N110: =IFERROR(INDEX($O$165:$O$214,MATCH(LARGE($P$165:$P$214,19),$P$165:$P$214,0)),"") -> 0.032537594
A111: 20 | B111: =IFERROR(INDEX($B$165:$B$214,MATCH(LARGE($P$165:$P$214,20),$P$165:$P$214,0)),"") -> Liam Muller | C111: =IFERROR(INDEX($C$165:$C$214,MATCH(LARGE($P$165:$P$214,20),$P$165:$P$214,0)),"") -> SDR / Inside Sales Rep | D111: =IFERROR(INDEX($D$165:$D$214,MATCH(LARGE($P$165:$P$214,20),$P$165:$P$214,0)),"") -> Inside Sales | E111: =IFERROR(INDEX($E$165:$E$214,MATCH(LARGE($P$165:$P$214,20),$P$165:$P$214,0)),"") -> EMEA | F111: =IFERROR(INDEX($G$165:$G$214,MATCH(LARGE($P$165:$P$214,20),$P$165:$P$214,0)),"") -> 184200 | G111: =IFERROR(INDEX($H$165:$H$214,MATCH(LARGE($P$165:$P$214,20),$P$165:$P$214,0)),"") -> 203600 | H111: =IFERROR(INDEX($I$165:$I$214,MATCH(LARGE($P$165:$P$214,20),$P$165:$P$214,0)),"") -> 1.1053203 | I111: =IFERROR(INDEX($J$165:$J$214,MATCH(LARGE($P$165:$P$214,20),$P$165:$P$214,0)),"") -> TRUE | J111: =IFERROR(INDEX($K$165:$K$214,MATCH(LARGE($P$165:$P$214,20),$P$165:$P$214,0)),"") -> 5526 | K111: =IFERROR(INDEX($L$165:$L$214,MATCH(LARGE($P$165:$P$214,20),$P$165:$P$214,0)),"") -> 970 | L111: =IFERROR(INDEX($M$165:$M$214,MATCH(LARGE($P$165:$P$214,20),$P$165:$P$214,0)),"") -> 0 | M111: =IFERROR(INDEX($N$165:$N$214,MATCH(LARGE($P$165:$P$214,20),$P$165:$P$214,0)),"") -> 6496 | N111: =IFERROR(INDEX($O$165:$O$214,MATCH(LARGE($P$165:$P$214,20),$P$165:$P$214,0)),"") -> 0.031905697
A112: 21 | B112: =IFERROR(INDEX($B$165:$B$214,MATCH(LARGE($P$165:$P$214,21),$P$165:$P$214,0)),"") -> Liam Castro | C112: =IFERROR(INDEX($C$165:$C$214,MATCH(LARGE($P$165:$P$214,21),$P$165:$P$214,0)),"") -> SDR / Inside Sales Rep | D112: =IFERROR(INDEX($D$165:$D$214,MATCH(LARGE($P$165:$P$214,21),$P$165:$P$214,0)),"") -> Inside Sales | E112: =IFERROR(INDEX($E$165:$E$214,MATCH(LARGE($P$165:$P$214,21),$P$165:$P$214,0)),"") -> NAMER | F112: =IFERROR(INDEX($G$165:$G$214,MATCH(LARGE($P$165:$P$214,21),$P$165:$P$214,0)),"") -> 186000 | G112: =IFERROR(INDEX($H$165:$H$214,MATCH(LARGE($P$165:$P$214,21),$P$165:$P$214,0)),"") -> 189300 | H112: =IFERROR(INDEX($I$165:$I$214,MATCH(LARGE($P$165:$P$214,21),$P$165:$P$214,0)),"") -> 1.0177419 | I112: =IFERROR(INDEX($J$165:$J$214,MATCH(LARGE($P$165:$P$214,21),$P$165:$P$214,0)),"") -> TRUE | J112: =IFERROR(INDEX($K$165:$K$214,MATCH(LARGE($P$165:$P$214,21),$P$165:$P$214,0)),"") -> 5580 | K112: =IFERROR(INDEX($L$165:$L$214,MATCH(LARGE($P$165:$P$214,21),$P$165:$P$214,0)),"") -> 165 | L112: =IFERROR(INDEX($M$165:$M$214,MATCH(LARGE($P$165:$P$214,21),$P$165:$P$214,0)),"") -> 0 | M112: =IFERROR(INDEX($N$165:$N$214,MATCH(LARGE($P$165:$P$214,21),$P$165:$P$214,0)),"") -> 5745 | N112: =IFERROR(INDEX($O$165:$O$214,MATCH(LARGE($P$165:$P$214,21),$P$165:$P$214,0)),"") -> 0.030348653
A113: 22 | B113: =IFERROR(INDEX($B$165:$B$214,MATCH(LARGE($P$165:$P$214,22),$P$165:$P$214,0)),"") -> Karim Alvarez | C113: =IFERROR(INDEX($C$165:$C$214,MATCH(LARGE($P$165:$P$214,22),$P$165:$P$214,0)),"") -> SDR / Inside Sales Rep | D113: =IFERROR(INDEX($D$165:$D$214,MATCH(LARGE($P$165:$P$214,22),$P$165:$P$214,0)),"") -> Inside Sales | E113: =IFERROR(INDEX($E$165:$E$214,MATCH(LARGE($P$165:$P$214,22),$P$165:$P$214,0)),"") -> EMEA | F113: =IFERROR(INDEX($G$165:$G$214,MATCH(LARGE($P$165:$P$214,22),$P$165:$P$214,0)),"") -> 185900 | G113: =IFERROR(INDEX($H$165:$H$214,MATCH(LARGE($P$165:$P$214,22),$P$165:$P$214,0)),"") -> 187100 | H113: =IFERROR(INDEX($I$165:$I$214,MATCH(LARGE($P$165:$P$214,22),$P$165:$P$214,0)),"") -> 1.0064551 | I113: =IFERROR(INDEX($J$165:$J$214,MATCH(LARGE($P$165:$P$214,22),$P$165:$P$214,0)),"") -> TRUE | J113: =IFERROR(INDEX($K$165:$K$214,MATCH(LARGE($P$165:$P$214,22),$P$165:$P$214,0)),"") -> 5577 | K113: =IFERROR(INDEX($L$165:$L$214,MATCH(LARGE($P$165:$P$214,22),$P$165:$P$214,0)),"") -> 60 | L113: =IFERROR(INDEX($M$165:$M$214,MATCH(LARGE($P$165:$P$214,22),$P$165:$P$214,0)),"") -> 0 | M113: =IFERROR(INDEX($N$165:$N$214,MATCH(LARGE($P$165:$P$214,22),$P$165:$P$214,0)),"") -> 5637 | N113: =IFERROR(INDEX($O$165:$O$214,MATCH(LARGE($P$165:$P$214,22),$P$165:$P$214,0)),"") -> 0.030128274
A114: 23 | B114: =IFERROR(INDEX($B$165:$B$214,MATCH(LARGE($P$165:$P$214,23),$P$165:$P$214,0)),"") -> Lea Weber | C114: =IFERROR(INDEX($C$165:$C$214,MATCH(LARGE($P$165:$P$214,23),$P$165:$P$214,0)),"") -> SDR / Inside Sales Rep | D114: =IFERROR(INDEX($D$165:$D$214,MATCH(LARGE($P$165:$P$214,23),$P$165:$P$214,0)),"") -> Inside Sales | E114: =IFERROR(INDEX($E$165:$E$214,MATCH(LARGE($P$165:$P$214,23),$P$165:$P$214,0)),"") -> EMEA | F114: =IFERROR(INDEX($G$165:$G$214,MATCH(LARGE($P$165:$P$214,23),$P$165:$P$214,0)),"") -> 185700 | G114: =IFERROR(INDEX($H$165:$H$214,MATCH(LARGE($P$165:$P$214,23),$P$165:$P$214,0)),"") -> 185500 | H114: =IFERROR(INDEX($I$165:$I$214,MATCH(LARGE($P$165:$P$214,23),$P$165:$P$214,0)),"") -> 0.99892299 | I114: =IFERROR(INDEX($J$165:$J$214,MATCH(LARGE($P$165:$P$214,23),$P$165:$P$214,0)),"") -> TRUE | J114: =IFERROR(INDEX($K$165:$K$214,MATCH(LARGE($P$165:$P$214,23),$P$165:$P$214,0)),"") -> 5565 | K114: =IFERROR(INDEX($L$165:$L$214,MATCH(LARGE($P$165:$P$214,23),$P$165:$P$214,0)),"") -> 0 | L114: =IFERROR(INDEX($M$165:$M$214,MATCH(LARGE($P$165:$P$214,23),$P$165:$P$214,0)),"") -> 0 | M114: =IFERROR(INDEX($N$165:$N$214,MATCH(LARGE($P$165:$P$214,23),$P$165:$P$214,0)),"") -> 5565 | N114: =IFERROR(INDEX($O$165:$O$214,MATCH(LARGE($P$165:$P$214,23),$P$165:$P$214,0)),"") -> 0.03
A115: 24 | B115: =IFERROR(INDEX($B$165:$B$214,MATCH(LARGE($P$165:$P$214,24),$P$165:$P$214,0)),"") -> Priya Weber | C115: =IFERROR(INDEX($C$165:$C$214,MATCH(LARGE($P$165:$P$214,24),$P$165:$P$214,0)),"") -> SDR / Inside Sales Rep | D115: =IFERROR(INDEX($D$165:$D$214,MATCH(LARGE($P$165:$P$214,24),$P$165:$P$214,0)),"") -> Inside Sales | E115: =IFERROR(INDEX($E$165:$E$214,MATCH(LARGE($P$165:$P$214,24),$P$165:$P$214,0)),"") -> NAMER | F115: =IFERROR(INDEX($G$165:$G$214,MATCH(LARGE($P$165:$P$214,24),$P$165:$P$214,0)),"") -> 188700 | G115: =IFERROR(INDEX($H$165:$H$214,MATCH(LARGE($P$165:$P$214,24),$P$165:$P$214,0)),"") -> 183800 | H115: =IFERROR(INDEX($I$165:$I$214,MATCH(LARGE($P$165:$P$214,24),$P$165:$P$214,0)),"") -> 0.97403286 | I115: =IFERROR(INDEX($J$165:$J$214,MATCH(LARGE($P$165:$P$214,24),$P$165:$P$214,0)),"") -> TRUE | J115: =IFERROR(INDEX($K$165:$K$214,MATCH(LARGE($P$165:$P$214,24),$P$165:$P$214,0)),"") -> 5514 | K115: =IFERROR(INDEX($L$165:$L$214,MATCH(LARGE($P$165:$P$214,24),$P$165:$P$214,0)),"") -> 0 | L115: =IFERROR(INDEX($M$165:$M$214,MATCH(LARGE($P$165:$P$214,24),$P$165:$P$214,0)),"") -> 0 | M115: =IFERROR(INDEX($N$165:$N$214,MATCH(LARGE($P$165:$P$214,24),$P$165:$P$214,0)),"") -> 5514 | N115: =IFERROR(INDEX($O$165:$O$214,MATCH(LARGE($P$165:$P$214,24),$P$165:$P$214,0)),"") -> 0.03
A116: 25 | B116: =IFERROR(INDEX($B$165:$B$214,MATCH(LARGE($P$165:$P$214,25),$P$165:$P$214,0)),"") -> Alex Okafor | C116: =IFERROR(INDEX($C$165:$C$214,MATCH(LARGE($P$165:$P$214,25),$P$165:$P$214,0)),"") -> SDR / Inside Sales Rep | D116: =IFERROR(INDEX($D$165:$D$214,MATCH(LARGE($P$165:$P$214,25),$P$165:$P$214,0)),"") -> Inside Sales | E116: =IFERROR(INDEX($E$165:$E$214,MATCH(LARGE($P$165:$P$214,25),$P$165:$P$214,0)),"") -> EMEA | F116: =IFERROR(INDEX($G$165:$G$214,MATCH(LARGE($P$165:$P$214,25),$P$165:$P$214,0)),"") -> 182700 | G116: =IFERROR(INDEX($H$165:$H$214,MATCH(LARGE($P$165:$P$214,25),$P$165:$P$214,0)),"") -> 176600 | H116: =IFERROR(INDEX($I$165:$I$214,MATCH(LARGE($P$165:$P$214,25),$P$165:$P$214,0)),"") -> 0.96661193 | I116: =IFERROR(INDEX($J$165:$J$214,MATCH(LARGE($P$165:$P$214,25),$P$165:$P$214,0)),"") -> TRUE | J116: =IFERROR(INDEX($K$165:$K$214,MATCH(LARGE($P$165:$P$214,25),$P$165:$P$214,0)),"") -> 5298 | K116: =IFERROR(INDEX($L$165:$L$214,MATCH(LARGE($P$165:$P$214,25),$P$165:$P$214,0)),"") -> 0 | L116: =IFERROR(INDEX($M$165:$M$214,MATCH(LARGE($P$165:$P$214,25),$P$165:$P$214,0)),"") -> 0 | M116: =IFERROR(INDEX($N$165:$N$214,MATCH(LARGE($P$165:$P$214,25),$P$165:$P$214,0)),"") -> 5298 | N116: =IFERROR(INDEX($O$165:$O$214,MATCH(LARGE($P$165:$P$214,25),$P$165:$P$214,0)),"") -> 0.03
A117: 26 | B117: =IFERROR(INDEX($B$165:$B$214,MATCH(LARGE($P$165:$P$214,26),$P$165:$P$214,0)),"") -> Jamie Schmidt | C117: =IFERROR(INDEX($C$165:$C$214,MATCH(LARGE($P$165:$P$214,26),$P$165:$P$214,0)),"") -> SDR / Inside Sales Rep | D117: =IFERROR(INDEX($D$165:$D$214,MATCH(LARGE($P$165:$P$214,26),$P$165:$P$214,0)),"") -> Inside Sales | E117: =IFERROR(INDEX($E$165:$E$214,MATCH(LARGE($P$165:$P$214,26),$P$165:$P$214,0)),"") -> APAC | F117: =IFERROR(INDEX($G$165:$G$214,MATCH(LARGE($P$165:$P$214,26),$P$165:$P$214,0)),"") -> 187400 | G117: =IFERROR(INDEX($H$165:$H$214,MATCH(LARGE($P$165:$P$214,26),$P$165:$P$214,0)),"") -> 172600 | H117: =IFERROR(INDEX($I$165:$I$214,MATCH(LARGE($P$165:$P$214,26),$P$165:$P$214,0)),"") -> 0.92102455 | I117: =IFERROR(INDEX($J$165:$J$214,MATCH(LARGE($P$165:$P$214,26),$P$165:$P$214,0)),"") -> TRUE | J117: =IFERROR(INDEX($K$165:$K$214,MATCH(LARGE($P$165:$P$214,26),$P$165:$P$214,0)),"") -> 5178 | K117: =IFERROR(INDEX($L$165:$L$214,MATCH(LARGE($P$165:$P$214,26),$P$165:$P$214,0)),"") -> 0 | L117: =IFERROR(INDEX($M$165:$M$214,MATCH(LARGE($P$165:$P$214,26),$P$165:$P$214,0)),"") -> 0 | M117: =IFERROR(INDEX($N$165:$N$214,MATCH(LARGE($P$165:$P$214,26),$P$165:$P$214,0)),"") -> 5178 | N117: =IFERROR(INDEX($O$165:$O$214,MATCH(LARGE($P$165:$P$214,26),$P$165:$P$214,0)),"") -> 0.03
A118: 27 | B118: =IFERROR(INDEX($B$165:$B$214,MATCH(LARGE($P$165:$P$214,27),$P$165:$P$214,0)),"") -> Ben Silva | C118: =IFERROR(INDEX($C$165:$C$214,MATCH(LARGE($P$165:$P$214,27),$P$165:$P$214,0)),"") -> SDR / Inside Sales Rep | D118: =IFERROR(INDEX($D$165:$D$214,MATCH(LARGE($P$165:$P$214,27),$P$165:$P$214,0)),"") -> Inside Sales | E118: =IFERROR(INDEX($E$165:$E$214,MATCH(LARGE($P$165:$P$214,27),$P$165:$P$214,0)),"") -> LATAM | F118: =IFERROR(INDEX($G$165:$G$214,MATCH(LARGE($P$165:$P$214,27),$P$165:$P$214,0)),"") -> 186700 | G118: =IFERROR(INDEX($H$165:$H$214,MATCH(LARGE($P$165:$P$214,27),$P$165:$P$214,0)),"") -> 166200 | H118: =IFERROR(INDEX($I$165:$I$214,MATCH(LARGE($P$165:$P$214,27),$P$165:$P$214,0)),"") -> 0.89019818 | I118: =IFERROR(INDEX($J$165:$J$214,MATCH(LARGE($P$165:$P$214,27),$P$165:$P$214,0)),"") -> TRUE | J118: =IFERROR(INDEX($K$165:$K$214,MATCH(LARGE($P$165:$P$214,27),$P$165:$P$214,0)),"") -> 4986 | K118: =IFERROR(INDEX($L$165:$L$214,MATCH(LARGE($P$165:$P$214,27),$P$165:$P$214,0)),"") -> 0 | L118: =IFERROR(INDEX($M$165:$M$214,MATCH(LARGE($P$165:$P$214,27),$P$165:$P$214,0)),"") -> 0 | M118: =IFERROR(INDEX($N$165:$N$214,MATCH(LARGE($P$165:$P$214,27),$P$165:$P$214,0)),"") -> 4986 | N118: =IFERROR(INDEX($O$165:$O$214,MATCH(LARGE($P$165:$P$214,27),$P$165:$P$214,0)),"") -> 0.03
A119: 28 | B119: =IFERROR(INDEX($B$165:$B$214,MATCH(LARGE($P$165:$P$214,28),$P$165:$P$214,0)),"") -> Karim Rossi | C119: =IFERROR(INDEX($C$165:$C$214,MATCH(LARGE($P$165:$P$214,28),$P$165:$P$214,0)),"") -> SDR / Inside Sales Rep | D119: =IFERROR(INDEX($D$165:$D$214,MATCH(LARGE($P$165:$P$214,28),$P$165:$P$214,0)),"") -> Inside Sales | E119: =IFERROR(INDEX($E$165:$E$214,MATCH(LARGE($P$165:$P$214,28),$P$165:$P$214,0)),"") -> NAMER | F119: =IFERROR(INDEX($G$165:$G$214,MATCH(LARGE($P$165:$P$214,28),$P$165:$P$214,0)),"") -> 186500 | G119: =IFERROR(INDEX($H$165:$H$214,MATCH(LARGE($P$165:$P$214,28),$P$165:$P$214,0)),"") -> 156600 | H119: =IFERROR(INDEX($I$165:$I$214,MATCH(LARGE($P$165:$P$214,28),$P$165:$P$214,0)),"") -> 0.83967828 | I119: =IFERROR(INDEX($J$165:$J$214,MATCH(LARGE($P$165:$P$214,28),$P$165:$P$214,0)),"") -> TRUE | J119: =IFERROR(INDEX($K$165:$K$214,MATCH(LARGE($P$165:$P$214,28),$P$165:$P$214,0)),"") -> 4698 | K119: =IFERROR(INDEX($L$165:$L$214,MATCH(LARGE($P$165:$P$214,28),$P$165:$P$214,0)),"") -> 0 | L119: =IFERROR(INDEX($M$165:$M$214,MATCH(LARGE($P$165:$P$214,28),$P$165:$P$214,0)),"") -> 0 | M119: =IFERROR(INDEX($N$165:$N$214,MATCH(LARGE($P$165:$P$214,28),$P$165:$P$214,0)),"") -> 4698 | N119: =IFERROR(INDEX($O$165:$O$214,MATCH(LARGE($P$165:$P$214,28),$P$165:$P$214,0)),"") -> 0.03
A120: 29 | B120: =IFERROR(INDEX($B$165:$B$214,MATCH(LARGE($P$165:$P$214,29),$P$165:$P$214,0)),"") -> Jamie Silva | C120: =IFERROR(INDEX($C$165:$C$214,MATCH(LARGE($P$165:$P$214,29),$P$165:$P$214,0)),"") -> SDR / Inside Sales Rep | D120: =IFERROR(INDEX($D$165:$D$214,MATCH(LARGE($P$165:$P$214,29),$P$165:$P$214,0)),"") -> Inside Sales | E120: =IFERROR(INDEX($E$165:$E$214,MATCH(LARGE($P$165:$P$214,29),$P$165:$P$214,0)),"") -> EMEA | F120: =IFERROR(INDEX($G$165:$G$214,MATCH(LARGE($P$165:$P$214,29),$P$165:$P$214,0)),"") -> 182600 | G120: =IFERROR(INDEX($H$165:$H$214,MATCH(LARGE($P$165:$P$214,29),$P$165:$P$214,0)),"") -> 151800 | H120: =IFERROR(INDEX($I$165:$I$214,MATCH(LARGE($P$165:$P$214,29),$P$165:$P$214,0)),"") -> 0.8313253 | I120: =IFERROR(INDEX($J$165:$J$214,MATCH(LARGE($P$165:$P$214,29),$P$165:$P$214,0)),"") -> TRUE | J120: =IFERROR(INDEX($K$165:$K$214,MATCH(LARGE($P$165:$P$214,29),$P$165:$P$214,0)),"") -> 4554 | K120: =IFERROR(INDEX($L$165:$L$214,MATCH(LARGE($P$165:$P$214,29),$P$165:$P$214,0)),"") -> 0 | L120: =IFERROR(INDEX($M$165:$M$214,MATCH(LARGE($P$165:$P$214,29),$P$165:$P$214,0)),"") -> 0 | M120: =IFERROR(INDEX($N$165:$N$214,MATCH(LARGE($P$165:$P$214,29),$P$165:$P$214,0)),"") -> 4554 | N120: =IFERROR(INDEX($O$165:$O$214,MATCH(LARGE($P$165:$P$214,29),$P$165:$P$214,0)),"") -> 0.03
A121: 30 | B121: =IFERROR(INDEX($B$165:$B$214,MATCH(LARGE($P$165:$P$214,30),$P$165:$P$214,0)),"") -> Hugo Santos | C121: =IFERROR(INDEX($C$165:$C$214,MATCH(LARGE($P$165:$P$214,30),$P$165:$P$214,0)),"") -> SDR / Inside Sales Rep | D121: =IFERROR(INDEX($D$165:$D$214,MATCH(LARGE($P$165:$P$214,30),$P$165:$P$214,0)),"") -> Inside Sales | E121: =IFERROR(INDEX($E$165:$E$214,MATCH(LARGE($P$165:$P$214,30),$P$165:$P$214,0)),"") -> EMEA | F121: =IFERROR(INDEX($G$165:$G$214,MATCH(LARGE($P$165:$P$214,30),$P$165:$P$214,0)),"") -> 187100 | G121: =IFERROR(INDEX($H$165:$H$214,MATCH(LARGE($P$165:$P$214,30),$P$165:$P$214,0)),"") -> 147000 | H121: =IFERROR(INDEX($I$165:$I$214,MATCH(LARGE($P$165:$P$214,30),$P$165:$P$214,0)),"") -> 0.78567611 | I121: =IFERROR(INDEX($J$165:$J$214,MATCH(LARGE($P$165:$P$214,30),$P$165:$P$214,0)),"") -> TRUE | J121: =IFERROR(INDEX($K$165:$K$214,MATCH(LARGE($P$165:$P$214,30),$P$165:$P$214,0)),"") -> 4410 | K121: =IFERROR(INDEX($L$165:$L$214,MATCH(LARGE($P$165:$P$214,30),$P$165:$P$214,0)),"") -> 0 | L121: =IFERROR(INDEX($M$165:$M$214,MATCH(LARGE($P$165:$P$214,30),$P$165:$P$214,0)),"") -> 0 | M121: =IFERROR(INDEX($N$165:$N$214,MATCH(LARGE($P$165:$P$214,30),$P$165:$P$214,0)),"") -> 4410 | N121: =IFERROR(INDEX($O$165:$O$214,MATCH(LARGE($P$165:$P$214,30),$P$165:$P$214,0)),"") -> 0.03
A122: 31 | B122: =IFERROR(INDEX($B$165:$B$214,MATCH(LARGE($P$165:$P$214,31),$P$165:$P$214,0)),"") -> Ana Kim | C122: =IFERROR(INDEX($C$165:$C$214,MATCH(LARGE($P$165:$P$214,31),$P$165:$P$214,0)),"") -> Mid-Market AE | D122: =IFERROR(INDEX($D$165:$D$214,MATCH(LARGE($P$165:$P$214,31),$P$165:$P$214,0)),"") -> Mid-Market | E122: =IFERROR(INDEX($E$165:$E$214,MATCH(LARGE($P$165:$P$214,31),$P$165:$P$214,0)),"") -> APAC | F122: =IFERROR(INDEX($G$165:$G$214,MATCH(LARGE($P$165:$P$214,31),$P$165:$P$214,0)),"") -> 117900 | G122: =IFERROR(INDEX($H$165:$H$214,MATCH(LARGE($P$165:$P$214,31),$P$165:$P$214,0)),"") -> 78500 | H122: =IFERROR(INDEX($I$165:$I$214,MATCH(LARGE($P$165:$P$214,31),$P$165:$P$214,0)),"") -> 0.66581849 | I122: =IFERROR(INDEX($J$165:$J$214,MATCH(LARGE($P$165:$P$214,31),$P$165:$P$214,0)),"") -> TRUE | J122: =IFERROR(INDEX($K$165:$K$214,MATCH(LARGE($P$165:$P$214,31),$P$165:$P$214,0)),"") -> 3925 | K122: =IFERROR(INDEX($L$165:$L$214,MATCH(LARGE($P$165:$P$214,31),$P$165:$P$214,0)),"") -> 0 | L122: =IFERROR(INDEX($M$165:$M$214,MATCH(LARGE($P$165:$P$214,31),$P$165:$P$214,0)),"") -> 0 | M122: =IFERROR(INDEX($N$165:$N$214,MATCH(LARGE($P$165:$P$214,31),$P$165:$P$214,0)),"") -> 3925 | N122: =IFERROR(INDEX($O$165:$O$214,MATCH(LARGE($P$165:$P$214,31),$P$165:$P$214,0)),"") -> 0.05
A123: 32 | B123: =IFERROR(INDEX($B$165:$B$214,MATCH(LARGE($P$165:$P$214,32),$P$165:$P$214,0)),"") -> Riley Haddad | C123: =IFERROR(INDEX($C$165:$C$214,MATCH(LARGE($P$165:$P$214,32),$P$165:$P$214,0)),"") -> SDR / Inside Sales Rep | D123: =IFERROR(INDEX($D$165:$D$214,MATCH(LARGE($P$165:$P$214,32),$P$165:$P$214,0)),"") -> Inside Sales | E123: =IFERROR(INDEX($E$165:$E$214,MATCH(LARGE($P$165:$P$214,32),$P$165:$P$214,0)),"") -> APAC | F123: =IFERROR(INDEX($G$165:$G$214,MATCH(LARGE($P$165:$P$214,32),$P$165:$P$214,0)),"") -> 166400 | G123: =IFERROR(INDEX($H$165:$H$214,MATCH(LARGE($P$165:$P$214,32),$P$165:$P$214,0)),"") -> 122200 | H123: =IFERROR(INDEX($I$165:$I$214,MATCH(LARGE($P$165:$P$214,32),$P$165:$P$214,0)),"") -> 0.734375 | I123: =IFERROR(INDEX($J$165:$J$214,MATCH(LARGE($P$165:$P$214,32),$P$165:$P$214,0)),"") -> TRUE | J123: =IFERROR(INDEX($K$165:$K$214,MATCH(LARGE($P$165:$P$214,32),$P$165:$P$214,0)),"") -> 3666 | K123: =IFERROR(INDEX($L$165:$L$214,MATCH(LARGE($P$165:$P$214,32),$P$165:$P$214,0)),"") -> 0 | L123: =IFERROR(INDEX($M$165:$M$214,MATCH(LARGE($P$165:$P$214,32),$P$165:$P$214,0)),"") -> 0 | M123: =IFERROR(INDEX($N$165:$N$214,MATCH(LARGE($P$165:$P$214,32),$P$165:$P$214,0)),"") -> 3666 | N123: =IFERROR(INDEX($O$165:$O$214,MATCH(LARGE($P$165:$P$214,32),$P$165:$P$214,0)),"") -> 0.03
A124: 33 | B124: =IFERROR(INDEX($B$165:$B$214,MATCH(LARGE($P$165:$P$214,33),$P$165:$P$214,0)),"") -> Ana Sato | C124: =IFERROR(INDEX($C$165:$C$214,MATCH(LARGE($P$165:$P$214,33),$P$165:$P$214,0)),"") -> Mid-Market AE | D124: =IFERROR(INDEX($D$165:$D$214,MATCH(LARGE($P$165:$P$214,33),$P$165:$P$214,0)),"") -> Mid-Market | E124: =IFERROR(INDEX($E$165:$E$214,MATCH(LARGE($P$165:$P$214,33),$P$165:$P$214,0)),"") -> APAC | F124: =IFERROR(INDEX($G$165:$G$214,MATCH(LARGE($P$165:$P$214,33),$P$165:$P$214,0)),"") -> 32300 | G124: =IFERROR(INDEX($H$165:$H$214,MATCH(LARGE($P$165:$P$214,33),$P$165:$P$214,0)),"") -> 37000 | H124: =IFERROR(INDEX($I$165:$I$214,MATCH(LARGE($P$165:$P$214,33),$P$165:$P$214,0)),"") -> 1.1455108 | I124: =IFERROR(INDEX($J$165:$J$214,MATCH(LARGE($P$165:$P$214,33),$P$165:$P$214,0)),"") -> TRUE | J124: =IFERROR(INDEX($K$165:$K$214,MATCH(LARGE($P$165:$P$214,33),$P$165:$P$214,0)),"") -> 1615 | K124: =IFERROR(INDEX($L$165:$L$214,MATCH(LARGE($P$165:$P$214,33),$P$165:$P$214,0)),"") -> 376 | L124: =IFERROR(INDEX($M$165:$M$214,MATCH(LARGE($P$165:$P$214,33),$P$165:$P$214,0)),"") -> 0 | M124: =IFERROR(INDEX($N$165:$N$214,MATCH(LARGE($P$165:$P$214,33),$P$165:$P$214,0)),"") -> 1991 | N124: =IFERROR(INDEX($O$165:$O$214,MATCH(LARGE($P$165:$P$214,33),$P$165:$P$214,0)),"") -> 0.053810811
A125: 34 | B125: =IFERROR(INDEX($B$165:$B$214,MATCH(LARGE($P$165:$P$214,34),$P$165:$P$214,0)),"") -> Petra Larsen | C125: =IFERROR(INDEX($C$165:$C$214,MATCH(LARGE($P$165:$P$214,34),$P$165:$P$214,0)),"") -> SDR / Inside Sales Rep | D125: =IFERROR(INDEX($D$165:$D$214,MATCH(LARGE($P$165:$P$214,34),$P$165:$P$214,0)),"") -> Inside Sales | E125: =IFERROR(INDEX($E$165:$E$214,MATCH(LARGE($P$165:$P$214,34),$P$165:$P$214,0)),"") -> EMEA | F125: =IFERROR(INDEX($G$165:$G$214,MATCH(LARGE($P$165:$P$214,34),$P$165:$P$214,0)),"") -> 118100 | G125: =IFERROR(INDEX($H$165:$H$214,MATCH(LARGE($P$165:$P$214,34),$P$165:$P$214,0)),"") -> 63400 | H125: =IFERROR(INDEX($I$165:$I$214,MATCH(LARGE($P$165:$P$214,34),$P$165:$P$214,0)),"") -> 0.53683319 | I125: =IFERROR(INDEX($J$165:$J$214,MATCH(LARGE($P$165:$P$214,34),$P$165:$P$214,0)),"") -> TRUE | J125: =IFERROR(INDEX($K$165:$K$214,MATCH(LARGE($P$165:$P$214,34),$P$165:$P$214,0)),"") -> 1902 | K125: =IFERROR(INDEX($L$165:$L$214,MATCH(LARGE($P$165:$P$214,34),$P$165:$P$214,0)),"") -> 0 | L125: =IFERROR(INDEX($M$165:$M$214,MATCH(LARGE($P$165:$P$214,34),$P$165:$P$214,0)),"") -> 0 | M125: =IFERROR(INDEX($N$165:$N$214,MATCH(LARGE($P$165:$P$214,34),$P$165:$P$214,0)),"") -> 1902 | N125: =IFERROR(INDEX($O$165:$O$214,MATCH(LARGE($P$165:$P$214,34),$P$165:$P$214,0)),"") -> 0.03
A126: 35 | B126: =IFERROR(INDEX($B$165:$B$214,MATCH(LARGE($P$165:$P$214,35),$P$165:$P$214,0)),"") -> Morgan Larsen | C126: =IFERROR(INDEX($C$165:$C$214,MATCH(LARGE($P$165:$P$214,35),$P$165:$P$214,0)),"") -> Mid-Market AE | D126: =IFERROR(INDEX($D$165:$D$214,MATCH(LARGE($P$165:$P$214,35),$P$165:$P$214,0)),"") -> Mid-Market | E126: =IFERROR(INDEX($E$165:$E$214,MATCH(LARGE($P$165:$P$214,35),$P$165:$P$214,0)),"") -> NAMER | F126: =IFERROR(INDEX($G$165:$G$214,MATCH(LARGE($P$165:$P$214,35),$P$165:$P$214,0)),"") -> 32200 | G126: =IFERROR(INDEX($H$165:$H$214,MATCH(LARGE($P$165:$P$214,35),$P$165:$P$214,0)),"") -> 20300 | H126: =IFERROR(INDEX($I$165:$I$214,MATCH(LARGE($P$165:$P$214,35),$P$165:$P$214,0)),"") -> 0.63043478 | I126: =IFERROR(INDEX($J$165:$J$214,MATCH(LARGE($P$165:$P$214,35),$P$165:$P$214,0)),"") -> TRUE | J126: =IFERROR(INDEX($K$165:$K$214,MATCH(LARGE($P$165:$P$214,35),$P$165:$P$214,0)),"") -> 1015 | K126: =IFERROR(INDEX($L$165:$L$214,MATCH(LARGE($P$165:$P$214,35),$P$165:$P$214,0)),"") -> 0 | L126: =IFERROR(INDEX($M$165:$M$214,MATCH(LARGE($P$165:$P$214,35),$P$165:$P$214,0)),"") -> 0 | M126: =IFERROR(INDEX($N$165:$N$214,MATCH(LARGE($P$165:$P$214,35),$P$165:$P$214,0)),"") -> 1015 | N126: =IFERROR(INDEX($O$165:$O$214,MATCH(LARGE($P$165:$P$214,35),$P$165:$P$214,0)),"") -> 0.05
A127: 36 | B127: =IFERROR(INDEX($B$165:$B$214,MATCH(LARGE($P$165:$P$214,36),$P$165:$P$214,0)),"") -> Sara Duarte | C127: =IFERROR(INDEX($C$165:$C$214,MATCH(LARGE($P$165:$P$214,36),$P$165:$P$214,0)),"") -> SDR / Inside Sales Rep | D127: =IFERROR(INDEX($D$165:$D$214,MATCH(LARGE($P$165:$P$214,36),$P$165:$P$214,0)),"") -> Inside Sales | E127: =IFERROR(INDEX($E$165:$E$214,MATCH(LARGE($P$165:$P$214,36),$P$165:$P$214,0)),"") -> APAC | F127: =IFERROR(INDEX($G$165:$G$214,MATCH(LARGE($P$165:$P$214,36),$P$165:$P$214,0)),"") -> 11100 | G127: =IFERROR(INDEX($H$165:$H$214,MATCH(LARGE($P$165:$P$214,36),$P$165:$P$214,0)),"") -> 5800 | H127: =IFERROR(INDEX($I$165:$I$214,MATCH(LARGE($P$165:$P$214,36),$P$165:$P$214,0)),"") -> 0.52252252 | I127: =IFERROR(INDEX($J$165:$J$214,MATCH(LARGE($P$165:$P$214,36),$P$165:$P$214,0)),"") -> TRUE | J127: =IFERROR(INDEX($K$165:$K$214,MATCH(LARGE($P$165:$P$214,36),$P$165:$P$214,0)),"") -> 174 | K127: =IFERROR(INDEX($L$165:$L$214,MATCH(LARGE($P$165:$P$214,36),$P$165:$P$214,0)),"") -> 0 | L127: =IFERROR(INDEX($M$165:$M$214,MATCH(LARGE($P$165:$P$214,36),$P$165:$P$214,0)),"") -> 0 | M127: =IFERROR(INDEX($N$165:$N$214,MATCH(LARGE($P$165:$P$214,36),$P$165:$P$214,0)),"") -> 174 | N127: =IFERROR(INDEX($O$165:$O$214,MATCH(LARGE($P$165:$P$214,36),$P$165:$P$214,0)),"") -> 0.03
A128: 37 | B128: =IFERROR(INDEX($B$165:$B$214,MATCH(LARGE($P$165:$P$214,37),$P$165:$P$214,0)),"") -> Noah Adler | C128: =IFERROR(INDEX($C$165:$C$214,MATCH(LARGE($P$165:$P$214,37),$P$165:$P$214,0)),"") -> SDR / Inside Sales Rep | D128: =IFERROR(INDEX($D$165:$D$214,MATCH(LARGE($P$165:$P$214,37),$P$165:$P$214,0)),"") -> Inside Sales | E128: =IFERROR(INDEX($E$165:$E$214,MATCH(LARGE($P$165:$P$214,37),$P$165:$P$214,0)),"") -> NAMER | F128: =IFERROR(INDEX($G$165:$G$214,MATCH(LARGE($P$165:$P$214,37),$P$165:$P$214,0)),"") -> 4000 | G128: =IFERROR(INDEX($H$165:$H$214,MATCH(LARGE($P$165:$P$214,37),$P$165:$P$214,0)),"") -> 3100 | H128: =IFERROR(INDEX($I$165:$I$214,MATCH(LARGE($P$165:$P$214,37),$P$165:$P$214,0)),"") -> 0.775 | I128: =IFERROR(INDEX($J$165:$J$214,MATCH(LARGE($P$165:$P$214,37),$P$165:$P$214,0)),"") -> TRUE | J128: =IFERROR(INDEX($K$165:$K$214,MATCH(LARGE($P$165:$P$214,37),$P$165:$P$214,0)),"") -> 93 | K128: =IFERROR(INDEX($L$165:$L$214,MATCH(LARGE($P$165:$P$214,37),$P$165:$P$214,0)),"") -> 0 | L128: =IFERROR(INDEX($M$165:$M$214,MATCH(LARGE($P$165:$P$214,37),$P$165:$P$214,0)),"") -> 0 | M128: =IFERROR(INDEX($N$165:$N$214,MATCH(LARGE($P$165:$P$214,37),$P$165:$P$214,0)),"") -> 93 | N128: =IFERROR(INDEX($O$165:$O$214,MATCH(LARGE($P$165:$P$214,37),$P$165:$P$214,0)),"") -> 0.03
A129: 38 | B129: =IFERROR(INDEX($B$165:$B$214,MATCH(LARGE($P$165:$P$214,38),$P$165:$P$214,0)),"") -> Erik Kim | C129: =IFERROR(INDEX($C$165:$C$214,MATCH(LARGE($P$165:$P$214,38),$P$165:$P$214,0)),"") -> Mid-Market AE | D129: =IFERROR(INDEX($D$165:$D$214,MATCH(LARGE($P$165:$P$214,38),$P$165:$P$214,0)),"") -> Mid-Market | E129: =IFERROR(INDEX($E$165:$E$214,MATCH(LARGE($P$165:$P$214,38),$P$165:$P$214,0)),"") -> NAMER | F129: =IFERROR(INDEX($G$165:$G$214,MATCH(LARGE($P$165:$P$214,38),$P$165:$P$214,0)),"") -> 15600 | G129: =IFERROR(INDEX($H$165:$H$214,MATCH(LARGE($P$165:$P$214,38),$P$165:$P$214,0)),"") -> 0 | H129: =IFERROR(INDEX($I$165:$I$214,MATCH(LARGE($P$165:$P$214,38),$P$165:$P$214,0)),"") -> 0 | I129: =IFERROR(INDEX($J$165:$J$214,MATCH(LARGE($P$165:$P$214,38),$P$165:$P$214,0)),"") -> FALSE | J129: =IFERROR(INDEX($K$165:$K$214,MATCH(LARGE($P$165:$P$214,38),$P$165:$P$214,0)),"") -> 0 | K129: =IFERROR(INDEX($L$165:$L$214,MATCH(LARGE($P$165:$P$214,38),$P$165:$P$214,0)),"") -> 0 | L129: =IFERROR(INDEX($M$165:$M$214,MATCH(LARGE($P$165:$P$214,38),$P$165:$P$214,0)),"") -> 0 | M129: =IFERROR(INDEX($N$165:$N$214,MATCH(LARGE($P$165:$P$214,38),$P$165:$P$214,0)),"") -> 0 | N129: =IFERROR(INDEX($O$165:$O$214,MATCH(LARGE($P$165:$P$214,38),$P$165:$P$214,0)),"")
A130: 39 | B130: =IFERROR(INDEX($B$165:$B$214,MATCH(LARGE($P$165:$P$214,39),$P$165:$P$214,0)),"") -> Rafael Weber | C130: =IFERROR(INDEX($C$165:$C$214,MATCH(LARGE($P$165:$P$214,39),$P$165:$P$214,0)),"") -> Mid-Market AE | D130: =IFERROR(INDEX($D$165:$D$214,MATCH(LARGE($P$165:$P$214,39),$P$165:$P$214,0)),"") -> Mid-Market | E130: =IFERROR(INDEX($E$165:$E$214,MATCH(LARGE($P$165:$P$214,39),$P$165:$P$214,0)),"") -> APAC | F130: =IFERROR(INDEX($G$165:$G$214,MATCH(LARGE($P$165:$P$214,39),$P$165:$P$214,0)),"") -> 78700 | G130: =IFERROR(INDEX($H$165:$H$214,MATCH(LARGE($P$165:$P$214,39),$P$165:$P$214,0)),"") -> 28000 | H130: =IFERROR(INDEX($I$165:$I$214,MATCH(LARGE($P$165:$P$214,39),$P$165:$P$214,0)),"") -> 0.35578145 | I130: =IFERROR(INDEX($J$165:$J$214,MATCH(LARGE($P$165:$P$214,39),$P$165:$P$214,0)),"") -> FALSE | J130: =IFERROR(INDEX($K$165:$K$214,MATCH(LARGE($P$165:$P$214,39),$P$165:$P$214,0)),"") -> 0 | K130: =IFERROR(INDEX($L$165:$L$214,MATCH(LARGE($P$165:$P$214,39),$P$165:$P$214,0)),"") -> 0 | L130: =IFERROR(INDEX($M$165:$M$214,MATCH(LARGE($P$165:$P$214,39),$P$165:$P$214,0)),"") -> 0 | M130: =IFERROR(INDEX($N$165:$N$214,MATCH(LARGE($P$165:$P$214,39),$P$165:$P$214,0)),"") -> 0 | N130: =IFERROR(INDEX($O$165:$O$214,MATCH(LARGE($P$165:$P$214,39),$P$165:$P$214,0)),"") -> 0
A131: 40 | B131: =IFERROR(INDEX($B$165:$B$214,MATCH(LARGE($P$165:$P$214,40),$P$165:$P$214,0)),"") -> Karim Rivera | C131: =IFERROR(INDEX($C$165:$C$214,MATCH(LARGE($P$165:$P$214,40),$P$165:$P$214,0)),"") -> Mid-Market AE | D131: =IFERROR(INDEX($D$165:$D$214,MATCH(LARGE($P$165:$P$214,40),$P$165:$P$214,0)),"") -> Mid-Market | E131: =IFERROR(INDEX($E$165:$E$214,MATCH(LARGE($P$165:$P$214,40),$P$165:$P$214,0)),"") -> APAC | F131: =IFERROR(INDEX($G$165:$G$214,MATCH(LARGE($P$165:$P$214,40),$P$165:$P$214,0)),"") -> 55600 | G131: =IFERROR(INDEX($H$165:$H$214,MATCH(LARGE($P$165:$P$214,40),$P$165:$P$214,0)),"") -> 0 | H131: =IFERROR(INDEX($I$165:$I$214,MATCH(LARGE($P$165:$P$214,40),$P$165:$P$214,0)),"") -> 0 | I131: =IFERROR(INDEX($J$165:$J$214,MATCH(LARGE($P$165:$P$214,40),$P$165:$P$214,0)),"") -> FALSE | J131: =IFERROR(INDEX($K$165:$K$214,MATCH(LARGE($P$165:$P$214,40),$P$165:$P$214,0)),"") -> 0 | K131: =IFERROR(INDEX($L$165:$L$214,MATCH(LARGE($P$165:$P$214,40),$P$165:$P$214,0)),"") -> 0 | L131: =IFERROR(INDEX($M$165:$M$214,MATCH(LARGE($P$165:$P$214,40),$P$165:$P$214,0)),"") -> 0 | M131: =IFERROR(INDEX($N$165:$N$214,MATCH(LARGE($P$165:$P$214,40),$P$165:$P$214,0)),"") -> 0 | N131: =IFERROR(INDEX($O$165:$O$214,MATCH(LARGE($P$165:$P$214,40),$P$165:$P$214,0)),"")
A132: 41 | B132: =IFERROR(INDEX($B$165:$B$214,MATCH(LARGE($P$165:$P$214,41),$P$165:$P$214,0)),"") -> Riley Duarte | C132: =IFERROR(INDEX($C$165:$C$214,MATCH(LARGE($P$165:$P$214,41),$P$165:$P$214,0)),"") -> SDR / Inside Sales Rep | D132: =IFERROR(INDEX($D$165:$D$214,MATCH(LARGE($P$165:$P$214,41),$P$165:$P$214,0)),"") -> Inside Sales | E132: =IFERROR(INDEX($E$165:$E$214,MATCH(LARGE($P$165:$P$214,41),$P$165:$P$214,0)),"") -> APAC | F132: =IFERROR(INDEX($G$165:$G$214,MATCH(LARGE($P$165:$P$214,41),$P$165:$P$214,0)),"") -> 0 | G132: =IFERROR(INDEX($H$165:$H$214,MATCH(LARGE($P$165:$P$214,41),$P$165:$P$214,0)),"") -> 0 | H132: =IFERROR(INDEX($I$165:$I$214,MATCH(LARGE($P$165:$P$214,41),$P$165:$P$214,0)),"") | I132: =IFERROR(INDEX($J$165:$J$214,MATCH(LARGE($P$165:$P$214,41),$P$165:$P$214,0)),"") -> FALSE | J132: =IFERROR(INDEX($K$165:$K$214,MATCH(LARGE($P$165:$P$214,41),$P$165:$P$214,0)),"") -> 0 | K132: =IFERROR(INDEX($L$165:$L$214,MATCH(LARGE($P$165:$P$214,41),$P$165:$P$214,0)),"") -> 0 | L132: =IFERROR(INDEX($M$165:$M$214,MATCH(LARGE($P$165:$P$214,41),$P$165:$P$214,0)),"") -> 0 | M132: =IFERROR(INDEX($N$165:$N$214,MATCH(LARGE($P$165:$P$214,41),$P$165:$P$214,0)),"") -> 0 | N132: =IFERROR(INDEX($O$165:$O$214,MATCH(LARGE($P$165:$P$214,41),$P$165:$P$214,0)),"")
A133: 42 | B133: =IFERROR(INDEX($B$165:$B$214,MATCH(LARGE($P$165:$P$214,42),$P$165:$P$214,0)),"") -> Lucas Cohen | C133: =IFERROR(INDEX($C$165:$C$214,MATCH(LARGE($P$165:$P$214,42),$P$165:$P$214,0)),"") -> Enterprise AE | D133: =IFERROR(INDEX($D$165:$D$214,MATCH(LARGE($P$165:$P$214,42),$P$165:$P$214,0)),"") -> Enterprise | E133: =IFERROR(INDEX($E$165:$E$214,MATCH(LARGE($P$165:$P$214,42),$P$165:$P$214,0)),"") -> NAMER | F133: =IFERROR(INDEX($G$165:$G$214,MATCH(LARGE($P$165:$P$214,42),$P$165:$P$214,0)),"") -> 111800 | G133: =IFERROR(INDEX($H$165:$H$214,MATCH(LARGE($P$165:$P$214,42),$P$165:$P$214,0)),"") -> 22000 | H133: =IFERROR(INDEX($I$165:$I$214,MATCH(LARGE($P$165:$P$214,42),$P$165:$P$214,0)),"") -> 0.19677996 | I133: =IFERROR(INDEX($J$165:$J$214,MATCH(LARGE($P$165:$P$214,42),$P$165:$P$214,0)),"") -> FALSE | J133: =IFERROR(INDEX($K$165:$K$214,MATCH(LARGE($P$165:$P$214,42),$P$165:$P$214,0)),"") -> 0 | K133: =IFERROR(INDEX($L$165:$L$214,MATCH(LARGE($P$165:$P$214,42),$P$165:$P$214,0)),"") -> 0 | L133: =IFERROR(INDEX($M$165:$M$214,MATCH(LARGE($P$165:$P$214,42),$P$165:$P$214,0)),"") -> 0 | M133: =IFERROR(INDEX($N$165:$N$214,MATCH(LARGE($P$165:$P$214,42),$P$165:$P$214,0)),"") -> 0 | N133: =IFERROR(INDEX($O$165:$O$214,MATCH(LARGE($P$165:$P$214,42),$P$165:$P$214,0)),"") -> 0
A134: 43 | B134: =IFERROR(INDEX($B$165:$B$214,MATCH(LARGE($P$165:$P$214,43),$P$165:$P$214,0)),"") | C134: =IFERROR(INDEX($C$165:$C$214,MATCH(LARGE($P$165:$P$214,43),$P$165:$P$214,0)),"") | D134: =IFERROR(INDEX($D$165:$D$214,MATCH(LARGE($P$165:$P$214,43),$P$165:$P$214,0)),"") | E134: =IFERROR(INDEX($E$165:$E$214,MATCH(LARGE($P$165:$P$214,43),$P$165:$P$214,0)),"") | F134: =IFERROR(INDEX($G$165:$G$214,MATCH(LARGE($P$165:$P$214,43),$P$165:$P$214,0)),"") | G134: =IFERROR(INDEX($H$165:$H$214,MATCH(LARGE($P$165:$P$214,43),$P$165:$P$214,0)),"") | H134: =IFERROR(INDEX($I$165:$I$214,MATCH(LARGE($P$165:$P$214,43),$P$165:$P$214,0)),"") | I134: =IFERROR(INDEX($J$165:$J$214,MATCH(LARGE($P$165:$P$214,43),$P$165:$P$214,0)),"") | J134: =IFERROR(INDEX($K$165:$K$214,MATCH(LARGE($P$165:$P$214,43),$P$165:$P$214,0)),"") | K134: =IFERROR(INDEX($L$165:$L$214,MATCH(LARGE($P$165:$P$214,43),$P$165:$P$214,0)),"") | L134: =IFERROR(INDEX($M$165:$M$214,MATCH(LARGE($P$165:$P$214,43),$P$165:$P$214,0)),"") | M134: =IFERROR(INDEX($N$165:$N$214,MATCH(LARGE($P$165:$P$214,43),$P$165:$P$214,0)),"") | N134: =IFERROR(INDEX($O$165:$O$214,MATCH(LARGE($P$165:$P$214,43),$P$165:$P$214,0)),"")
A135: 44 | B135: =IFERROR(INDEX($B$165:$B$214,MATCH(LARGE($P$165:$P$214,44),$P$165:$P$214,0)),"") | C135: =IFERROR(INDEX($C$165:$C$214,MATCH(LARGE($P$165:$P$214,44),$P$165:$P$214,0)),"") | D135: =IFERROR(INDEX($D$165:$D$214,MATCH(LARGE($P$165:$P$214,44),$P$165:$P$214,0)),"") | E135: =IFERROR(INDEX($E$165:$E$214,MATCH(LARGE($P$165:$P$214,44),$P$165:$P$214,0)),"") | F135: =IFERROR(INDEX($G$165:$G$214,MATCH(LARGE($P$165:$P$214,44),$P$165:$P$214,0)),"") | G135: =IFERROR(INDEX($H$165:$H$214,MATCH(LARGE($P$165:$P$214,44),$P$165:$P$214,0)),"") | H135: =IFERROR(INDEX($I$165:$I$214,MATCH(LARGE($P$165:$P$214,44),$P$165:$P$214,0)),"") | I135: =IFERROR(INDEX($J$165:$J$214,MATCH(LARGE($P$165:$P$214,44),$P$165:$P$214,0)),"") | J135: =IFERROR(INDEX($K$165:$K$214,MATCH(LARGE($P$165:$P$214,44),$P$165:$P$214,0)),"") | K135: =IFERROR(INDEX($L$165:$L$214,MATCH(LARGE($P$165:$P$214,44),$P$165:$P$214,0)),"") | L135: =IFERROR(INDEX($M$165:$M$214,MATCH(LARGE($P$165:$P$214,44),$P$165:$P$214,0)),"") | M135: =IFERROR(INDEX($N$165:$N$214,MATCH(LARGE($P$165:$P$214,44),$P$165:$P$214,0)),"") | N135: =IFERROR(INDEX($O$165:$O$214,MATCH(LARGE($P$165:$P$214,44),$P$165:$P$214,0)),"")
A136: 45 | B136: =IFERROR(INDEX($B$165:$B$214,MATCH(LARGE($P$165:$P$214,45),$P$165:$P$214,0)),"") | C136: =IFERROR(INDEX($C$165:$C$214,MATCH(LARGE($P$165:$P$214,45),$P$165:$P$214,0)),"") | D136: =IFERROR(INDEX($D$165:$D$214,MATCH(LARGE($P$165:$P$214,45),$P$165:$P$214,0)),"") | E136: =IFERROR(INDEX($E$165:$E$214,MATCH(LARGE($P$165:$P$214,45),$P$165:$P$214,0)),"") | F136: =IFERROR(INDEX($G$165:$G$214,MATCH(LARGE($P$165:$P$214,45),$P$165:$P$214,0)),"") | G136: =IFERROR(INDEX($H$165:$H$214,MATCH(LARGE($P$165:$P$214,45),$P$165:$P$214,0)),"") | H136: =IFERROR(INDEX($I$165:$I$214,MATCH(LARGE($P$165:$P$214,45),$P$165:$P$214,0)),"") | I136: =IFERROR(INDEX($J$165:$J$214,MATCH(LARGE($P$165:$P$214,45),$P$165:$P$214,0)),"") | J136: =IFERROR(INDEX($K$165:$K$214,MATCH(LARGE($P$165:$P$214,45),$P$165:$P$214,0)),"") | K136: =IFERROR(INDEX($L$165:$L$214,MATCH(LARGE($P$165:$P$214,45),$P$165:$P$214,0)),"") | L136: =IFERROR(INDEX($M$165:$M$214,MATCH(LARGE($P$165:$P$214,45),$P$165:$P$214,0)),"") | M136: =IFERROR(INDEX($N$165:$N$214,MATCH(LARGE($P$165:$P$214,45),$P$165:$P$214,0)),"") | N136: =IFERROR(INDEX($O$165:$O$214,MATCH(LARGE($P$165:$P$214,45),$P$165:$P$214,0)),"")
A137: 46 | B137: =IFERROR(INDEX($B$165:$B$214,MATCH(LARGE($P$165:$P$214,46),$P$165:$P$214,0)),"") | C137: =IFERROR(INDEX($C$165:$C$214,MATCH(LARGE($P$165:$P$214,46),$P$165:$P$214,0)),"") | D137: =IFERROR(INDEX($D$165:$D$214,MATCH(LARGE($P$165:$P$214,46),$P$165:$P$214,0)),"") | E137: =IFERROR(INDEX($E$165:$E$214,MATCH(LARGE($P$165:$P$214,46),$P$165:$P$214,0)),"") | F137: =IFERROR(INDEX($G$165:$G$214,MATCH(LARGE($P$165:$P$214,46),$P$165:$P$214,0)),"") | G137: =IFERROR(INDEX($H$165:$H$214,MATCH(LARGE($P$165:$P$214,46),$P$165:$P$214,0)),"") | H137: =IFERROR(INDEX($I$165:$I$214,MATCH(LARGE($P$165:$P$214,46),$P$165:$P$214,0)),"") | I137: =IFERROR(INDEX($J$165:$J$214,MATCH(LARGE($P$165:$P$214,46),$P$165:$P$214,0)),"") | J137: =IFERROR(INDEX($K$165:$K$214,MATCH(LARGE($P$165:$P$214,46),$P$165:$P$214,0)),"") | K137: =IFERROR(INDEX($L$165:$L$214,MATCH(LARGE($P$165:$P$214,46),$P$165:$P$214,0)),"") | L137: =IFERROR(INDEX($M$165:$M$214,MATCH(LARGE($P$165:$P$214,46),$P$165:$P$214,0)),"") | M137: =IFERROR(INDEX($N$165:$N$214,MATCH(LARGE($P$165:$P$214,46),$P$165:$P$214,0)),"") | N137: =IFERROR(INDEX($O$165:$O$214,MATCH(LARGE($P$165:$P$214,46),$P$165:$P$214,0)),"")
A138: 47 | B138: =IFERROR(INDEX($B$165:$B$214,MATCH(LARGE($P$165:$P$214,47),$P$165:$P$214,0)),"") | C138: =IFERROR(INDEX($C$165:$C$214,MATCH(LARGE($P$165:$P$214,47),$P$165:$P$214,0)),"") | D138: =IFERROR(INDEX($D$165:$D$214,MATCH(LARGE($P$165:$P$214,47),$P$165:$P$214,0)),"") | E138: =IFERROR(INDEX($E$165:$E$214,MATCH(LARGE($P$165:$P$214,47),$P$165:$P$214,0)),"") | F138: =IFERROR(INDEX($G$165:$G$214,MATCH(LARGE($P$165:$P$214,47),$P$165:$P$214,0)),"") | G138: =IFERROR(INDEX($H$165:$H$214,MATCH(LARGE($P$165:$P$214,47),$P$165:$P$214,0)),"") | H138: =IFERROR(INDEX($I$165:$I$214,MATCH(LARGE($P$165:$P$214,47),$P$165:$P$214,0)),"") | I138: =IFERROR(INDEX($J$165:$J$214,MATCH(LARGE($P$165:$P$214,47),$P$165:$P$214,0)),"") | J138: =IFERROR(INDEX($K$165:$K$214,MATCH(LARGE($P$165:$P$214,47),$P$165:$P$214,0)),"") | K138: =IFERROR(INDEX($L$165:$L$214,MATCH(LARGE($P$165:$P$214,47),$P$165:$P$214,0)),"") | L138: =IFERROR(INDEX($M$165:$M$214,MATCH(LARGE($P$165:$P$214,47),$P$165:$P$214,0)),"") | M138: =IFERROR(INDEX($N$165:$N$214,MATCH(LARGE($P$165:$P$214,47),$P$165:$P$214,0)),"") | N138: =IFERROR(INDEX($O$165:$O$214,MATCH(LARGE($P$165:$P$214,47),$P$165:$P$214,0)),"")
A139: 48 | B139: =IFERROR(INDEX($B$165:$B$214,MATCH(LARGE($P$165:$P$214,48),$P$165:$P$214,0)),"") | C139: =IFERROR(INDEX($C$165:$C$214,MATCH(LARGE($P$165:$P$214,48),$P$165:$P$214,0)),"") | D139: =IFERROR(INDEX($D$165:$D$214,MATCH(LARGE($P$165:$P$214,48),$P$165:$P$214,0)),"") | E139: =IFERROR(INDEX($E$165:$E$214,MATCH(LARGE($P$165:$P$214,48),$P$165:$P$214,0)),"") | F139: =IFERROR(INDEX($G$165:$G$214,MATCH(LARGE($P$165:$P$214,48),$P$165:$P$214,0)),"") | G139: =IFERROR(INDEX($H$165:$H$214,MATCH(LARGE($P$165:$P$214,48),$P$165:$P$214,0)),"") | H139: =IFERROR(INDEX($I$165:$I$214,MATCH(LARGE($P$165:$P$214,48),$P$165:$P$214,0)),"") | I139: =IFERROR(INDEX($J$165:$J$214,MATCH(LARGE($P$165:$P$214,48),$P$165:$P$214,0)),"") | J139: =IFERROR(INDEX($K$165:$K$214,MATCH(LARGE($P$165:$P$214,48),$P$165:$P$214,0)),"") | K139: =IFERROR(INDEX($L$165:$L$214,MATCH(LARGE($P$165:$P$214,48),$P$165:$P$214,0)),"") | L139: =IFERROR(INDEX($M$165:$M$214,MATCH(LARGE($P$165:$P$214,48),$P$165:$P$214,0)),"") | M139: =IFERROR(INDEX($N$165:$N$214,MATCH(LARGE($P$165:$P$214,48),$P$165:$P$214,0)),"") | N139: =IFERROR(INDEX($O$165:$O$214,MATCH(LARGE($P$165:$P$214,48),$P$165:$P$214,0)),"")
A140: 49 | B140: =IFERROR(INDEX($B$165:$B$214,MATCH(LARGE($P$165:$P$214,49),$P$165:$P$214,0)),"") | C140: =IFERROR(INDEX($C$165:$C$214,MATCH(LARGE($P$165:$P$214,49),$P$165:$P$214,0)),"") | D140: =IFERROR(INDEX($D$165:$D$214,MATCH(LARGE($P$165:$P$214,49),$P$165:$P$214,0)),"") | E140: =IFERROR(INDEX($E$165:$E$214,MATCH(LARGE($P$165:$P$214,49),$P$165:$P$214,0)),"") | F140: =IFERROR(INDEX($G$165:$G$214,MATCH(LARGE($P$165:$P$214,49),$P$165:$P$214,0)),"") | G140: =IFERROR(INDEX($H$165:$H$214,MATCH(LARGE($P$165:$P$214,49),$P$165:$P$214,0)),"") | H140: =IFERROR(INDEX($I$165:$I$214,MATCH(LARGE($P$165:$P$214,49),$P$165:$P$214,0)),"") | I140: =IFERROR(INDEX($J$165:$J$214,MATCH(LARGE($P$165:$P$214,49),$P$165:$P$214,0)),"") | J140: =IFERROR(INDEX($K$165:$K$214,MATCH(LARGE($P$165:$P$214,49),$P$165:$P$214,0)),"") | K140: =IFERROR(INDEX($L$165:$L$214,MATCH(LARGE($P$165:$P$214,49),$P$165:$P$214,0)),"") | L140: =IFERROR(INDEX($M$165:$M$214,MATCH(LARGE($P$165:$P$214,49),$P$165:$P$214,0)),"") | M140: =IFERROR(INDEX($N$165:$N$214,MATCH(LARGE($P$165:$P$214,49),$P$165:$P$214,0)),"") | N140: =IFERROR(INDEX($O$165:$O$214,MATCH(LARGE($P$165:$P$214,49),$P$165:$P$214,0)),"")
A141: 50 | B141: =IFERROR(INDEX($B$165:$B$214,MATCH(LARGE($P$165:$P$214,50),$P$165:$P$214,0)),"") | C141: =IFERROR(INDEX($C$165:$C$214,MATCH(LARGE($P$165:$P$214,50),$P$165:$P$214,0)),"") | D141: =IFERROR(INDEX($D$165:$D$214,MATCH(LARGE($P$165:$P$214,50),$P$165:$P$214,0)),"") | E141: =IFERROR(INDEX($E$165:$E$214,MATCH(LARGE($P$165:$P$214,50),$P$165:$P$214,0)),"") | F141: =IFERROR(INDEX($G$165:$G$214,MATCH(LARGE($P$165:$P$214,50),$P$165:$P$214,0)),"") | G141: =IFERROR(INDEX($H$165:$H$214,MATCH(LARGE($P$165:$P$214,50),$P$165:$P$214,0)),"") | H141: =IFERROR(INDEX($I$165:$I$214,MATCH(LARGE($P$165:$P$214,50),$P$165:$P$214,0)),"") | I141: =IFERROR(INDEX($J$165:$J$214,MATCH(LARGE($P$165:$P$214,50),$P$165:$P$214,0)),"") | J141: =IFERROR(INDEX($K$165:$K$214,MATCH(LARGE($P$165:$P$214,50),$P$165:$P$214,0)),"") | K141: =IFERROR(INDEX($L$165:$L$214,MATCH(LARGE($P$165:$P$214,50),$P$165:$P$214,0)),"") | L141: =IFERROR(INDEX($M$165:$M$214,MATCH(LARGE($P$165:$P$214,50),$P$165:$P$214,0)),"") | M141: =IFERROR(INDEX($N$165:$N$214,MATCH(LARGE($P$165:$P$214,50),$P$165:$P$214,0)),"") | N141: =IFERROR(INDEX($O$165:$O$214,MATCH(LARGE($P$165:$P$214,50),$P$165:$P$214,0)),"")
A143: Data model: Dim_Reps, Fact_Quota, Fact_Pipeline (all values USD-normalized). Commission rates and tier breakpoints above are illustrative editable assumptions, not the company's actual comp plan. All figures recalculate automatically from the Reporting Month, Performance Window, Eligibility Threshold and Accelerator Breakpoint controls, and the rate table above. Supporting calculations are on this sheet below row 300 (grouped/collapsed).
A151: SUPPORTING CALCULATIONS COMMISSION CALCULATOR: AUTO-UPDATING, DO NOT EDIT BELOW THIS LINE (grouped/collapsed; expand the row outline at left to audit)
A153: Reporting Month Start (from dropdown) | B153: =A6 -> 45870
A154: Window Start | B154: =IF(D6="All Time",MIN(Monthly_Summary[MonthStart]),IF(D6="Year to Date",DATE(YEAR($B$153),1,1),EDATE($B$153,-11))) -> 45536
A155: Window End (last day of reporting month) | B155: =EOMONTH($B$153,0) -> 45900
A157: Role | B157: Base Rate | C157: Accelerator Rate | D157: Super-Accelerator Rate
A158: =A13 -> SDR / Inside Sales Rep | B158: =B13 -> 0.03 | C158: =C13 -> 0.05 | D158: =D13 -> 0.07
A159: =A14 -> Mid-Market AE | B159: =B14 -> 0.05 | C159: =C14 -> 0.08 | D159: =D14 -> 0.11
A160: =A15 -> Enterprise AE | B160: =B15 -> 0.06 | C160: =C15 -> 0.1 | D160: =D15 -> 0.14
A161: =A16 -> Senior Enterprise AE | B161: =B16 -> 0.07 | C161: =C16 -> 0.11 | D161: =D16 -> 0.16
A164: Rep_ID | B164: Rep_Name | C164: Role | D164: Team | E164: Region | F164: Status | G164: Quota (window) | H164: Bookings Won (window) | I164: Attainment % | J164: Eligible? | K164: Tier 1 $ | L164: Tier 2 $ | M164: Tier 3 $ | N164: Total Commission | O164: Effective Rate % | P164: Rank Key (internal)
A165: =Dim_Reps!A2 -> R003 | B165: =Dim_Reps!B2 -> Lucas Cohen | C165: =Dim_Reps!C2 -> Enterprise AE | D165: =Dim_Reps!D2 -> Enterprise | E165: =Dim_Reps!E2 -> NAMER | F165: =Dim_Reps!H2 -> Active | G165: =SUMIFS(Fact_Quota!$D:$D,Fact_Quota!$A:$A,$A165,Fact_Quota!$B:$B,">="&$B$154,Fact_Quota!$B:$B,"<="&$B$153) -> 111800 | H165: =SUMIFS(Fact_Pipeline!$K:$K,Fact_Pipeline!$B:$B,$A165,Fact_Pipeline!$J:$J,"Won",Fact_Pipeline!$I:$I,">="&$B$154,Fact_Pipeline!$I:$I,"<="&$B$155) -> 22000 | I165: =IFERROR(H165/G165,"") -> 0.19677996 | J165: =AND(G165>0,IFERROR(I165>=G6,FALSE())) -> FALSE | K165: =IF(J165,MIN(H165,G165)*IFERROR(INDEX($B$158:$B$161,MATCH(C165,$A$158:$A$161,0)),0),0) -> 0 | L165: =IF(J165,MAX(0,MIN(H165,I6*G165)-G165)*IFERROR(INDEX($C$158:$C$161,MATCH(C165,$A$158:$A$161,0)),0),0) -> 0 | M165: =IF(J165,MAX(0,H165-I6*G165)*IFERROR(INDEX($D$158:$D$161,MATCH(C165,$A$158:$A$161,0)),0),0) -> 0 | N165: =K165+L165+M165 -> 0 | O165: =IFERROR(N165/H165,"") -> 0 | P165: =IF(F165="Active",N165+(ROW()/10000000),"") -> 1.65e-05
A166: =Dim_Reps!A3 -> R008 | B166: =Dim_Reps!B3 -> Milo Weber | C166: =Dim_Reps!C3 -> Enterprise AE | D166: =Dim_Reps!D3 -> Enterprise | E166: =Dim_Reps!E3 -> NAMER | F166: =Dim_Reps!H3 -> Active | G166: =SUMIFS(Fact_Quota!$D:$D,Fact_Quota!$A:$A,$A166,Fact_Quota!$B:$B,">="&$B$154,Fact_Quota!$B:$B,"<="&$B$153) -> 387900 | H166: =SUMIFS(Fact_Pipeline!$K:$K,Fact_Pipeline!$B:$B,$A166,Fact_Pipeline!$J:$J,"Won",Fact_Pipeline!$I:$I,">="&$B$154,Fact_Pipeline!$I:$I,"<="&$B$155) -> 473100 | I166: =IFERROR(H166/G166,"") -> 1.2196442 | J166: =AND(G166>0,IFERROR(I166>=G6,FALSE())) -> TRUE | K166: =IF(J166,MIN(H166,G166)*IFERROR(INDEX($B$158:$B$161,MATCH(C166,$A$158:$A$161,0)),0),0) -> 23274 | L166: =IF(J166,MAX(0,MIN(H166,I6*G166)-G166)*IFERROR(INDEX($C$158:$C$161,MATCH(C166,$A$158:$A$161,0)),0),0) -> 8520 | M166: =IF(J166,MAX(0,H166-I6*G166)*IFERROR(INDEX($D$158:$D$161,MATCH(C166,$A$158:$A$161,0)),0),0) -> 0 | N166: =K166+L166+M166 -> 31794 | O166: =IFERROR(N166/H166,"") -> 0.067203551 | P166: =IF(F166="Active",N166+(ROW()/10000000),"") -> 31794
A167: =Dim_Reps!A4 -> R010 | B167: =Dim_Reps!B4 -> Sam Schmidt | C167: =Dim_Reps!C4 -> Enterprise AE | D167: =Dim_Reps!D4 -> Enterprise | E167: =Dim_Reps!E4 -> EMEA | F167: =Dim_Reps!H4 -> Active | G167: =SUMIFS(Fact_Quota!$D:$D,Fact_Quota!$A:$A,$A167,Fact_Quota!$B:$B,">="&$B$154,Fact_Quota!$B:$B,"<="&$B$153) -> 381100 | H167: =SUMIFS(Fact_Pipeline!$K:$K,Fact_Pipeline!$B:$B,$A167,Fact_Pipeline!$J:$J,"Won",Fact_Pipeline!$I:$I,">="&$B$154,Fact_Pipeline!$I:$I,"<="&$B$155) -> 450300 | I167: =IFERROR(H167/G167,"") -> 1.1815796 | J167: =AND(G167>0,IFERROR(I167>=G6,FALSE())) -> TRUE | K167: =IF(J167,MIN(H167,G167)*IFERROR(INDEX($B$158:$B$161,MATCH(C167,$A$158:$A$161,0)),0),0) -> 22866 | L167: =IF(J167,MAX(0,MIN(H167,I6*G167)-G167)*IFERROR(INDEX($C$158:$C$161,MATCH(C167,$A$158:$A$161,0)),0),0) -> 6920 | M167: =IF(J167,MAX(0,H167-I6*G167)*IFERROR(INDEX($D$158:$D$161,MATCH(C167,$A$158:$A$161,0)),0),0) -> 0 | N167: =K167+L167+M167 -> 29786 | O167: =IFERROR(N167/H167,"") -> 0.066147013 | P167: =IF(F167="Active",N167+(ROW()/10000000),"") -> 29786
A168: =Dim_Reps!A5 -> R013 | B168: =Dim_Reps!B5 -> Noah Kim | C168: =Dim_Reps!C5 -> Enterprise AE | D168: =Dim_Reps!D5 -> Enterprise | E168: =Dim_Reps!E5 -> LATAM | F168: =Dim_Reps!H5 -> Active | G168: =SUMIFS(Fact_Quota!$D:$D,Fact_Quota!$A:$A,$A168,Fact_Quota!$B:$B,">="&$B$154,Fact_Quota!$B:$B,"<="&$B$153) -> 385300 | H168: =SUMIFS(Fact_Pipeline!$K:$K,Fact_Pipeline!$B:$B,$A168,Fact_Pipeline!$J:$J,"Won",Fact_Pipeline!$I:$I,">="&$B$154,Fact_Pipeline!$I:$I,"<="&$B$155) -> 369900 | I168: =IFERROR(H168/G168,"") -> 0.96003114 | J168: =AND(G168>0,IFERROR(I168>=G6,FALSE())) -> TRUE | K168: =IF(J168,MIN(H168,G168)*IFERROR(INDEX($B$158:$B$161,MATCH(C168,$A$158:$A$161,0)),0),0) -> 22194 | L168: =IF(J168,MAX(0,MIN(H168,I6*G168)-G168)*IFERROR(INDEX($C$158:$C$161,MATCH(C168,$A$158:$A$161,0)),0),0) -> 0 | M168: =IF(J168,MAX(0,H168-I6*G168)*IFERROR(INDEX($D$158:$D$161,MATCH(C168,$A$158:$A$161,0)),0),0) -> 0 | N168: =K168+L168+M168 -> 22194 | O168: =IFERROR(N168/H168,"") -> 0.06 | P168: =IF(F168="Active",N168+(ROW()/10000000),"") -> 22194
A169: =Dim_Reps!A6 -> R026 | B169: =Dim_Reps!B6 -> Jamie Santos | C169: =Dim_Reps!C6 -> Enterprise AE | D169: =Dim_Reps!D6 -> Enterprise | E169: =Dim_Reps!E6 -> APAC | F169: =Dim_Reps!H6 -> Departed | G169: =SUMIFS(Fact_Quota!$D:$D,Fact_Quota!$A:$A,$A169,Fact_Quota!$B:$B,">="&$B$154,Fact_Quota!$B:$B,"<="&$B$153) -> 380400 | H169: =SUMIFS(Fact_Pipeline!$K:$K,Fact_Pipeline!$B:$B,$A169,Fact_Pipeline!$J:$J,"Won",Fact_Pipeline!$I:$I,">="&$B$154,Fact_Pipeline!$I:$I,"<="&$B$155) -> 598800 | I169: =IFERROR(H169/G169,"") -> 1.5741325 | J169: =AND(G169>0,IFERROR(I169>=G6,FALSE())) -> TRUE | K169: =IF(J169,MIN(H169,G169)*IFERROR(INDEX($B$158:$B$161,MATCH(C169,$A$158:$A$161,0)),0),0) -> 22824 | L169: =IF(J169,MAX(0,MIN(H169,I6*G169)-G169)*IFERROR(INDEX($C$158:$C$161,MATCH(C169,$A$158:$A$161,0)),0),0) -> 19020 | M169: =IF(J169,MAX(0,H169-I6*G169)*IFERROR(INDEX($D$158:$D$161,MATCH(C169,$A$158:$A$161,0)),0),0) -> 3948 | N169: =K169+L169+M169 -> 45792 | O169: =IFERROR(N169/H169,"") -> 0.076472946 | P169: =IF(F169="Active",N169+(ROW()/10000000),"")
A170: =Dim_Reps!A7 -> R036 | B170: =Dim_Reps!B7 -> Zara Duarte | C170: =Dim_Reps!C7 -> Enterprise AE | D170: =Dim_Reps!D7 -> Enterprise | E170: =Dim_Reps!E7 -> NAMER | F170: =Dim_Reps!H7 -> Active | G170: =SUMIFS(Fact_Quota!$D:$D,Fact_Quota!$A:$A,$A170,Fact_Quota!$B:$B,">="&$B$154,Fact_Quota!$B:$B,"<="&$B$153) -> 380500 | H170: =SUMIFS(Fact_Pipeline!$K:$K,Fact_Pipeline!$B:$B,$A170,Fact_Pipeline!$J:$J,"Won",Fact_Pipeline!$I:$I,">="&$B$154,Fact_Pipeline!$I:$I,"<="&$B$155) -> 423000 | I170: =IFERROR(H170/G170,"") -> 1.1116951 | J170: =AND(G170>0,IFERROR(I170>=G6,FALSE())) -> TRUE | K170: =IF(J170,MIN(H170,G170)*IFERROR(INDEX($B$158:$B$161,MATCH(C170,$A$158:$A$161,0)),0),0) -> 22830 | L170: =IF(J170,MAX(0,MIN(H170,I6*G170)-G170)*IFERROR(INDEX($C$158:$C$161,MATCH(C170,$A$158:$A$161,0)),0),0) -> 4250 | M170: =IF(J170,MAX(0,H170-I6*G170)*IFERROR(INDEX($D$158:$D$161,MATCH(C170,$A$158:$A$161,0)),0),0) -> 0 | N170: =K170+L170+M170 -> 27080 | O170: =IFERROR(N170/H170,"") -> 0.064018913 | P170: =IF(F170="Active",N170+(ROW()/10000000),"") -> 27080
A171: =Dim_Reps!A8 -> R001 | B171: =Dim_Reps!B8 -> Karim Rossi | C171: =Dim_Reps!C8 -> SDR / Inside Sales Rep | D171: =Dim_Reps!D8 -> Inside Sales | E171: =Dim_Reps!E8 -> NAMER | F171: =Dim_Reps!H8 -> Active | G171: =SUMIFS(Fact_Quota!$D:$D,Fact_Quota!$A:$A,$A171,Fact_Quota!$B:$B,">="&$B$154,Fact_Quota!$B:$B,"<="&$B$153) -> 186500 | H171: =SUMIFS(Fact_Pipeline!$K:$K,Fact_Pipeline!$B:$B,$A171,Fact_Pipeline!$J:$J,"Won",Fact_Pipeline!$I:$I,">="&$B$154,Fact_Pipeline!$I:$I,"<="&$B$155) -> 156600 | I171: =IFERROR(H171/G171,"") -> 0.83967828 | J171: =AND(G171>0,IFERROR(I171>=G6,FALSE())) -> TRUE | K171: =IF(J171,MIN(H171,G171)*IFERROR(INDEX($B$158:$B$161,MATCH(C171,$A$158:$A$161,0)),0),0) -> 4698 | L171: =IF(J171,MAX(0,MIN(H171,I6*G171)-G171)*IFERROR(INDEX($C$158:$C$161,MATCH(C171,$A$158:$A$161,0)),0),0) -> 0 | M171: =IF(J171,MAX(0,H171-I6*G171)*IFERROR(INDEX($D$158:$D$161,MATCH(C171,$A$158:$A$161,0)),0),0) -> 0 | N171: =K171+L171+M171 -> 4698 | O171: =IFERROR(N171/H171,"") -> 0.03 | P171: =IF(F171="Active",N171+(ROW()/10000000),"") -> 4698
A172: =Dim_Reps!A9 -> R005 | B172: =Dim_Reps!B9 -> Alex Okafor | C172: =Dim_Reps!C9 -> SDR / Inside Sales Rep | D172: =Dim_Reps!D9 -> Inside Sales | E172: =Dim_Reps!E9 -> EMEA | F172: =Dim_Reps!H9 -> Active | G172: =SUMIFS(Fact_Quota!$D:$D,Fact_Quota!$A:$A,$A172,Fact_Quota!$B:$B,">="&$B$154,Fact_Quota!$B:$B,"<="&$B$153) -> 182700 | H172: =SUMIFS(Fact_Pipeline!$K:$K,Fact_Pipeline!$B:$B,$A172,Fact_Pipeline!$J:$J,"Won",Fact_Pipeline!$I:$I,">="&$B$154,Fact_Pipeline!$I:$I,"<="&$B$155) -> 176600 | I172: =IFERROR(H172/G172,"") -> 0.96661193 | J172: =AND(G172>0,IFERROR(I172>=G6,FALSE())) -> TRUE | K172: =IF(J172,MIN(H172,G172)*IFERROR(INDEX($B$158:$B$161,MATCH(C172,$A$158:$A$161,0)),0),0) -> 5298 | L172: =IF(J172,MAX(0,MIN(H172,I6*G172)-G172)*IFERROR(INDEX($C$158:$C$161,MATCH(C172,$A$158:$A$161,0)),0),0) -> 0 | M172: =IF(J172,MAX(0,H172-I6*G172)*IFERROR(INDEX($D$158:$D$161,MATCH(C172,$A$158:$A$161,0)),0),0) -> 0 | N172: =K172+L172+M172 -> 5298 | O172: =IFERROR(N172/H172,"") -> 0.03 | P172: =IF(F172="Active",N172+(ROW()/10000000),"") -> 5298
A173: =Dim_Reps!A10 -> R006 | B173: =Dim_Reps!B10 -> Lucas Okafor | C173: =Dim_Reps!C10 -> SDR / Inside Sales Rep | D173: =Dim_Reps!D10 -> Inside Sales | E173: =Dim_Reps!E10 -> APAC | F173: =Dim_Reps!H10 -> Active | G173: =SUMIFS(Fact_Quota!$D:$D,Fact_Quota!$A:$A,$A173,Fact_Quota!$B:$B,">="&$B$154,Fact_Quota!$B:$B,"<="&$B$153) -> 185300 | H173: =SUMIFS(Fact_Pipeline!$K:$K,Fact_Pipeline!$B:$B,$A173,Fact_Pipeline!$J:$J,"Won",Fact_Pipeline!$I:$I,">="&$B$154,Fact_Pipeline!$I:$I,"<="&$B$155) -> 237400 | I173: =IFERROR(H173/G173,"") -> 1.2811657 | J173: =AND(G173>0,IFERROR(I173>=G6,FALSE())) -> TRUE | K173: =IF(J173,MIN(H173,G173)*IFERROR(INDEX($B$158:$B$161,MATCH(C173,$A$158:$A$161,0)),0),0) -> 5559 | L173: =IF(J173,MAX(0,MIN(H173,I6*G173)-G173)*IFERROR(INDEX($C$158:$C$161,MATCH(C173,$A$158:$A$161,0)),0),0) -> 2605 | M173: =IF(J173,MAX(0,H173-I6*G173)*IFERROR(INDEX($D$158:$D$161,MATCH(C173,$A$158:$A$161,0)),0),0) -> 0 | N173: =K173+L173+M173 -> 8164 | O173: =IFERROR(N173/H173,"") -> 0.034389217 | P173: =IF(F173="Active",N173+(ROW()/10000000),"") -> 8164
A174: =Dim_Reps!A11 -> R007 | B174: =Dim_Reps!B11 -> Sara Duarte | C174: =Dim_Reps!C11 -> SDR / Inside Sales Rep | D174: =Dim_Reps!D11 -> Inside Sales | E174: =Dim_Reps!E11 -> APAC | F174: =Dim_Reps!H11 -> Active | G174: =SUMIFS(Fact_Quota!$D:$D,Fact_Quota!$A:$A,$A174,Fact_Quota!$B:$B,">="&$B$154,Fact_Quota!$B:$B,"<="&$B$153) -> 11100 | H174: =SUMIFS(Fact_Pipeline!$K:$K,Fact_Pipeline!$B:$B,$A174,Fact_Pipeline!$J:$J,"Won",Fact_Pipeline!$I:$I,">="&$B$154,Fact_Pipeline!$I:$I,"<="&$B$155) -> 5800 | I174: =IFERROR(H174/G174,"") -> 0.52252252 | J174: =AND(G174>0,IFERROR(I174>=G6,FALSE())) -> TRUE | K174: =IF(J174,MIN(H174,G174)*IFERROR(INDEX($B$158:$B$161,MATCH(C174,$A$158:$A$161,0)),0),0) -> 174 | L174: =IF(J174,MAX(0,MIN(H174,I6*G174)-G174)*IFERROR(INDEX($C$158:$C$161,MATCH(C174,$A$158:$A$161,0)),0),0) -> 0 | M174: =IF(J174,MAX(0,H174-I6*G174)*IFERROR(INDEX($D$158:$D$161,MATCH(C174,$A$158:$A$161,0)),0),0) -> 0 | N174: =K174+L174+M174 -> 174 | O174: =IFERROR(N174/H174,"") -> 0.03 | P174: =IF(F174="Active",N174+(ROW()/10000000),"") -> 174.00002
A175: =Dim_Reps!A12 -> R011 | B175: =Dim_Reps!B12 -> Riley Haddad | C175: =Dim_Reps!C12 -> SDR / Inside Sales Rep | D175: =Dim_Reps!D12 -> Inside Sales | E175: =Dim_Reps!E12 -> APAC | F175: =Dim_Reps!H12 -> Active | G175: =SUMIFS(Fact_Quota!$D:$D,Fact_Quota!$A:$A,$A175,Fact_Quota!$B:$B,">="&$B$154,Fact_Quota!$B:$B,"<="&$B$153) -> 166400 | H175: =SUMIFS(Fact_Pipeline!$K:$K,Fact_Pipeline!$B:$B,$A175,Fact_Pipeline!$J:$J,"Won",Fact_Pipeline!$I:$I,">="&$B$154,Fact_Pipeline!$I:$I,"<="&$B$155) -> 122200 | I175: =IFERROR(H175/G175,"") -> 0.734375 | J175: =AND(G175>0,IFERROR(I175>=G6,FALSE())) -> TRUE | K175: =IF(J175,MIN(H175,G175)*IFERROR(INDEX($B$158:$B$161,MATCH(C175,$A$158:$A$161,0)),0),0) -> 3666 | L175: =IF(J175,MAX(0,MIN(H175,I6*G175)-G175)*IFERROR(INDEX($C$158:$C$161,MATCH(C175,$A$158:$A$161,0)),0),0) -> 0 | M175: =IF(J175,MAX(0,H175-I6*G175)*IFERROR(INDEX($D$158:$D$161,MATCH(C175,$A$158:$A$161,0)),0),0) -> 0 | N175: =K175+L175+M175 -> 3666 | O175: =IFERROR(N175/H175,"") -> 0.03 | P175: =IF(F175="Active",N175+(ROW()/10000000),"") -> 3666
...

Sheet Pipeline Coverage
A1: PIPELINE COVERAGE & GAP-TO-GOAL
A2: ="Goal period: "&D5&" | Reporting month: "&TEXT(A5,"mmm yyyy")&" | Target coverage: "&TEXT(G5,"0.0")&"x | Prepared September 1, 2026" -> Goal period: Rest of Quarter | Reporting month: Aug 2025 | Target coverage: 3.0x | Prepared September 1, 2026
A4: REPORTING MONTH (drop down) | D4: GOAL PERIOD (drop down) | G4: TARGET COVERAGE RATIO | I4: DATA THROUGH
A5: 45870 | D5: Rest of Quarter | G5: 3 | I5: =TEXT(MAX(Fact_Quota!$B:$B),"mmm yyyy") -> Dec 2025
A7: ="PIPELINE COVERAGE SUMMARY FOR: " &D5&"" -> PIPELINE COVERAGE SUMMARY FOR: Rest of Quarter
A9: TOTAL GAP TO GOAL | D9: TOTAL OPEN PIPELINE | G9: COMPANY COVERAGE RATIO | J9: COMPANY REQUIRED WIN RATE
A10: =SUM($H$137:$H$186) -> 1603100 | D10: =SUM($I$137:$I$186) -> 7275100 | G10: =IFERROR(SUM($I$137:$I$186)/SUM($H$137:$H$186),"") -> 4.5381448 | J10: =IFERROR(SUM($H$137:$H$186)/SUM($I$137:$I$186),"") -> 0.22035436
A11: remaining quota, goal period | D11: current snapshot, all open deals | G11: open pipeline ÷ gap to goal | J11: % of open pipeline that must convert
A13: REPS BELOW TARGET COVERAGE | D13: REPS AT RISK (BELOW OWN PACE) | G13: REPS GOAL ALREADY ACHIEVED | J13: AVG COVERAGE RATIO (ACTIVE, WITH GAP)
A14: =COUNTIFS($E$137:$E$186,"Active",$H$137:$H$186,">0",$J$137:$J$186,"<"&G5) -> 20 | D14: =COUNTIFS($O$137:$O$186,"At Risk – Below Pace") -> 22 | G14: =COUNTIFS($O$137:$O$186,"Goal Achieved") -> 9 | J14: =IFERROR(AVERAGEIFS($J$137:$J$186,$H$137:$H$186,">0",$E$137:$E$186,"Active"),"") -> 4.3845656
A15: active reps under the target ratio | D15: required win rate exceeds own historical rate | G15: quota already met for the goal period | J15: unweighted average across at-risk reps
A18: ="COVERAGE BY TEAM & REGION for: " &D5&"" -> COVERAGE BY TEAM & REGION for: Rest of Quarter
A35: Team | B35: Active Reps | C35: Gap to Goal | D35: Open Pipeline | E35: Coverage Ratio | F35: Target | H35: Region | I35: Active Reps | J35: Gap to Goal | K35: Open Pipeline | L35: Coverage Ratio | M35: Target
A36: Inside Sales | B36: =COUNTIFS($C$137:$C$186,A36,$E$137:$E$186,"Active") -> 21 | C36: =SUMIF($C$137:$C$186,A36,$H$137:$H$186) -> 439200 | D36: =SUMIF($C$137:$C$186,A36,$I$137:$I$186) -> 734400 | E36: =IFERROR(D36/C36,"") -> 1.6721311 | F36: =G5 -> 3 | H36: NAMER | I36: =COUNTIFS($D$137:$D$186,H36,$E$137:$E$186,"Active") -> 12 | J36: =SUMIF($D$137:$D$186,H36,$H$137:$H$186) -> 530100 | K36: =SUMIF($D$137:$D$186,H36,$I$137:$I$186) -> 3008300 | L36: =IFERROR(K36/J36,"") -> 5.674967 | M36: =G5 -> 3
A37: Mid-Market | B37: =COUNTIFS($C$137:$C$186,A37,$E$137:$E$186,"Active") -> 13 | C37: =SUMIF($C$137:$C$186,A37,$H$137:$H$186) -> 426700 | D37: =SUMIF($C$137:$C$186,A37,$I$137:$I$186) -> 1245800 | E37: =IFERROR(D37/C37,"") -> 2.9196157 | F37: =G5 -> 3 | H37: EMEA | I37: =COUNTIFS($D$137:$D$186,H37,$E$137:$E$186,"Active") -> 10 | J37: =SUMIF($D$137:$D$186,H37,$H$137:$H$186) -> 189800 | K37: =SUMIF($D$137:$D$186,H37,$I$137:$I$186) -> 1052200 | L37: =IFERROR(K37/J37,"") -> 5.5437302 | M37: =G5 -> 3
A38: Enterprise | B38: =COUNTIFS($C$137:$C$186,A38,$E$137:$E$186,"Active") -> 5 | C38: =SUMIF($C$137:$C$186,A38,$H$137:$H$186) -> 231800 | D38: =SUMIF($C$137:$C$186,A38,$I$137:$I$186) -> 2761100 | E38: =IFERROR(D38/C38,"") -> 11.911562 | F38: =G5 -> 3 | H38: APAC | I38: =COUNTIFS($D$137:$D$186,H38,$E$137:$E$186,"Active") -> 13 | J38: =SUMIF($D$137:$D$186,H38,$H$137:$H$186) -> 531100 | K38: =SUMIF($D$137:$D$186,H38,$I$137:$I$186) -> 2064100 | L38: =IFERROR(K38/J38,"") -> 3.8864621 | M38: =G5 -> 3
A39: Strategic | B39: =COUNTIFS($C$137:$C$186,A39,$E$137:$E$186,"Active") -> 3 | C39: =SUMIF($C$137:$C$186,A39,$H$137:$H$186) -> 505400 | D39: =SUMIF($C$137:$C$186,A39,$I$137:$I$186) -> 2533800 | E39: =IFERROR(D39/C39,"") -> 5.0134547 | F39: =G5 -> 3 | H39: LATAM | I39: =COUNTIFS($D$137:$D$186,H39,$E$137:$E$186,"Active") -> 7 | J39: =SUMIF($D$137:$D$186,H39,$H$137:$H$186) -> 352100 | K39: =SUMIF($D$137:$D$186,H39,$I$137:$I$186) -> 1150500 | L39: =IFERROR(K39/J39,"") -> 3.2675376 | M39: =G5 -> 3
A41: PER-REP COVERAGE RANKED BY RISK (LOWEST COVERAGE to HIGHEST COVERAGE)
B61: Data model: Dim_Reps, Fact_Quota, Fact_Pipeline (all values USD-normalized). Gap to Goal = quota for the selected goal period minus bookings won so far in that period (floored at $0). Open Pipeline is a current snapshot of all open deals (not limited to the goal period). Coverage Ratio = Open Pipeline ÷ Gap to Goal; Required Win Rate = Gap to Goal ÷ Open Pipeline (the share of open pipeline that must convert to close the gap), compared against each rep's own trailing-12-month win rate (falls back to the company win rate for reps with few closed deals). Target Coverage Ratio above is an editable assumption/benchmark, not a guarantee. All figures recalculate automatically from the controls above. Supporting calculations are on this sheet below row 300 (grouped/collapsed).
B64: Rank | C64: Rep Name | D64: Team | E64: Region | F64: Gap to Goal | G64: Open Pipeline | H64: Coverage Ratio | I64: Required Win Rate | J64: Historical Win Rate | K64: Status
B65: 1 | C65: =IFERROR(INDEX($B$137:$B$186,MATCH(LARGE($P$137:$P$186,1),$P$137:$P$186,0)),"") -> Petra Larsen | D65: =IFERROR(INDEX($C$137:$C$186,MATCH(LARGE($P$137:$P$186,1),$P$137:$P$186,0)),"") -> Inside Sales | E65: =IFERROR(INDEX($D$137:$D$186,MATCH(LARGE($P$137:$P$186,1),$P$137:$P$186,0)),"") -> EMEA | F65: =IFERROR(INDEX($H$137:$H$186,MATCH(LARGE($P$137:$P$186,1),$P$137:$P$186,0)),"") -> 47400 | G65: =IFERROR(INDEX($I$137:$I$186,MATCH(LARGE($P$137:$P$186,1),$P$137:$P$186,0)),"") -> 28700 | H65: =IFERROR(INDEX($J$137:$J$186,MATCH(LARGE($P$137:$P$186,1),$P$137:$P$186,0)),"") -> 0.60548523 | I65: =IFERROR(INDEX($N$137:$N$186,MATCH(LARGE($P$137:$P$186,1),$P$137:$P$186,0)),"") -> 1.6515679 | J65: =IFERROR(INDEX($M$137:$M$186,MATCH(LARGE($P$137:$P$186,1),$P$137:$P$186,0)),"") -> 0.2745098 | K65: =IFERROR(INDEX($O$137:$O$186,MATCH(LARGE($P$137:$P$186,1),$P$137:$P$186,0)),"") -> At Risk – Below Pace
B66: 2 | C66: =IFERROR(INDEX($B$137:$B$186,MATCH(LARGE($P$137:$P$186,2),$P$137:$P$186,0)),"") -> Liam Castro | D66: =IFERROR(INDEX($C$137:$C$186,MATCH(LARGE($P$137:$P$186,2),$P$137:$P$186,0)),"") -> Inside Sales | E66: =IFERROR(INDEX($D$137:$D$186,MATCH(LARGE($P$137:$P$186,2),$P$137:$P$186,0)),"") -> NAMER | F66: =IFERROR(INDEX($H$137:$H$186,MATCH(LARGE($P$137:$P$186,2),$P$137:$P$186,0)),"") -> 20600 | G66: =IFERROR(INDEX($I$137:$I$186,MATCH(LARGE($P$137:$P$186,2),$P$137:$P$186,0)),"") -> 14500 | H66: =IFERROR(INDEX($J$137:$J$186,MATCH(LARGE($P$137:$P$186,2),$P$137:$P$186,0)),"") -> 0.7038835 | I66: =IFERROR(INDEX($N$137:$N$186,MATCH(LARGE($P$137:$P$186,2),$P$137:$P$186,0)),"") -> 1.4206897 | J66: =IFERROR(INDEX($M$137:$M$186,MATCH(LARGE($P$137:$P$186,2),$P$137:$P$186,0)),"") -> 0.36521739 | K66: =IFERROR(INDEX($O$137:$O$186,MATCH(LARGE($P$137:$P$186,2),$P$137:$P$186,0)),"") -> At Risk – Below Pace
B67: 3 | C67: =IFERROR(INDEX($B$137:$B$186,MATCH(LARGE($P$137:$P$186,3),$P$137:$P$186,0)),"") -> Karim Rossi | D67: =IFERROR(INDEX($C$137:$C$186,MATCH(LARGE($P$137:$P$186,3),$P$137:$P$186,0)),"") -> Inside Sales | E67: =IFERROR(INDEX($D$137:$D$186,MATCH(LARGE($P$137:$P$186,3),$P$137:$P$186,0)),"") -> NAMER | F67: =IFERROR(INDEX($H$137:$H$186,MATCH(LARGE($P$137:$P$186,3),$P$137:$P$186,0)),"") -> 21500 | G67: =IFERROR(INDEX($I$137:$I$186,MATCH(LARGE($P$137:$P$186,3),$P$137:$P$186,0)),"") -> 15600 | H67: =IFERROR(INDEX($J$137:$J$186,MATCH(LARGE($P$137:$P$186,3),$P$137:$P$186,0)),"") -> 0.7255814 | I67: =IFERROR(INDEX($N$137:$N$186,MATCH(LARGE($P$137:$P$186,3),$P$137:$P$186,0)),"") -> 1.3782051 | J67: =IFERROR(INDEX($M$137:$M$186,MATCH(LARGE($P$137:$P$186,3),$P$137:$P$186,0)),"") -> 0.3592233 | K67: =IFERROR(INDEX($O$137:$O$186,MATCH(LARGE($P$137:$P$186,3),$P$137:$P$186,0)),"") -> At Risk – Below Pace
B68: 4 | C68: =IFERROR(INDEX($B$137:$B$186,MATCH(LARGE($P$137:$P$186,4),$P$137:$P$186,0)),"") -> Ben Silva | D68: =IFERROR(INDEX($C$137:$C$186,MATCH(LARGE($P$137:$P$186,4),$P$137:$P$186,0)),"") -> Inside Sales | E68: =IFERROR(INDEX($D$137:$D$186,MATCH(LARGE($P$137:$P$186,4),$P$137:$P$186,0)),"") -> LATAM | F68: =IFERROR(INDEX($H$137:$H$186,MATCH(LARGE($P$137:$P$186,4),$P$137:$P$186,0)),"") -> 16200 | G68: =IFERROR(INDEX($I$137:$I$186,MATCH(LARGE($P$137:$P$186,4),$P$137:$P$186,0)),"") -> 12500 | H68: =IFERROR(INDEX($J$137:$J$186,MATCH(LARGE($P$137:$P$186,4),$P$137:$P$186,0)),"") -> 0.77160494 | I68: =IFERROR(INDEX($N$137:$N$186,MATCH(LARGE($P$137:$P$186,4),$P$137:$P$186,0)),"") -> 1.296 | J68: =IFERROR(INDEX($M$137:$M$186,MATCH(LARGE($P$137:$P$186,4),$P$137:$P$186,0)),"") -> 0.3490566 | K68: =IFERROR(INDEX($O$137:$O$186,MATCH(LARGE($P$137:$P$186,4),$P$137:$P$186,0)),"") -> At Risk – Below Pace
B69: 5 | C69: =IFERROR(INDEX($B$137:$B$186,MATCH(LARGE($P$137:$P$186,5),$P$137:$P$186,0)),"") -> Olivia Cohen | D69: =IFERROR(INDEX($C$137:$C$186,MATCH(LARGE($P$137:$P$186,5),$P$137:$P$186,0)),"") -> Mid-Market | E69: =IFERROR(INDEX($D$137:$D$186,MATCH(LARGE($P$137:$P$186,5),$P$137:$P$186,0)),"") -> APAC | F69: =IFERROR(INDEX($H$137:$H$186,MATCH(LARGE($P$137:$P$186,5),$P$137:$P$186,0)),"") -> 46900 | G69: =IFERROR(INDEX($I$137:$I$186,MATCH(LARGE($P$137:$P$186,5),$P$137:$P$186,0)),"") -> 38100 | H69: =IFERROR(INDEX($J$137:$J$186,MATCH(LARGE($P$137:$P$186,5),$P$137:$P$186,0)),"") -> 0.81236674 | I69: =IFERROR(INDEX($N$137:$N$186,MATCH(LARGE($P$137:$P$186,5),$P$137:$P$186,0)),"") -> 1.2309711 | J69: =IFERROR(INDEX($M$137:$M$186,MATCH(LARGE($P$137:$P$186,5),$P$137:$P$186,0)),"") -> 0.20967742 | K69: =IFERROR(INDEX($O$137:$O$186,MATCH(LARGE($P$137:$P$186,5),$P$137:$P$186,0)),"") -> At Risk – Below Pace
B70: 6 | C70: =IFERROR(INDEX($B$137:$B$186,MATCH(LARGE($P$137:$P$186,6),$P$137:$P$186,0)),"") -> Karim Rivera | D70: =IFERROR(INDEX($C$137:$C$186,MATCH(LARGE($P$137:$P$186,6),$P$137:$P$186,0)),"") -> Mid-Market | E70: =IFERROR(INDEX($D$137:$D$186,MATCH(LARGE($P$137:$P$186,6),$P$137:$P$186,0)),"") -> APAC | F70: =IFERROR(INDEX($H$137:$H$186,MATCH(LARGE($P$137:$P$186,6),$P$137:$P$186,0)),"") -> 61900 | G70: =IFERROR(INDEX($I$137:$I$186,MATCH(LARGE($P$137:$P$186,6),$P$137:$P$186,0)),"") -> 50800 | H70: =IFERROR(INDEX($J$137:$J$186,MATCH(LARGE($P$137:$P$186,6),$P$137:$P$186,0)),"") -> 0.82067851 | I70: =IFERROR(INDEX($N$137:$N$186,MATCH(LARGE($P$137:$P$186,6),$P$137:$P$186,0)),"") -> 1.2185039 | J70: =IFERROR(INDEX($M$137:$M$186,MATCH(LARGE($P$137:$P$186,6),$P$137:$P$186,0)),"") -> 0 | K70: =IFERROR(INDEX($O$137:$O$186,MATCH(LARGE($P$137:$P$186,6),$P$137:$P$186,0)),"") -> At Risk – Below Pace
B71: 7 | C71: =IFERROR(INDEX($B$137:$B$186,MATCH(LARGE($P$137:$P$186,7),$P$137:$P$186,0)),"") -> Milo Castro | D71: =IFERROR(INDEX($C$137:$C$186,MATCH(LARGE($P$137:$P$186,7),$P$137:$P$186,0)),"") -> Inside Sales | E71: =IFERROR(INDEX($D$137:$D$186,MATCH(LARGE($P$137:$P$186,7),$P$137:$P$186,0)),"") -> LATAM | F71: =IFERROR(INDEX($H$137:$H$186,MATCH(LARGE($P$137:$P$186,7),$P$137:$P$186,0)),"") -> 33600 | G71: =IFERROR(INDEX($I$137:$I$186,MATCH(LARGE($P$137:$P$186,7),$P$137:$P$186,0)),"") -> 32900 | H71: =IFERROR(INDEX($J$137:$J$186,MATCH(LARGE($P$137:$P$186,7),$P$137:$P$186,0)),"") -> 0.97916667 | I71: =IFERROR(INDEX($N$137:$N$186,MATCH(LARGE($P$137:$P$186,7),$P$137:$P$186,0)),"") -> 1.0212766 | J71: =IFERROR(INDEX($M$137:$M$186,MATCH(LARGE($P$137:$P$186,7),$P$137:$P$186,0)),"") -> 0.41880342 | K71: =IFERROR(INDEX($O$137:$O$186,MATCH(LARGE($P$137:$P$186,7),$P$137:$P$186,0)),"") -> At Risk – Below Pace
B72: 8 | C72: =IFERROR(INDEX($B$137:$B$186,MATCH(LARGE($P$137:$P$186,8),$P$137:$P$186,0)),"") -> Kenji Weber | D72: =IFERROR(INDEX($C$137:$C$186,MATCH(LARGE($P$137:$P$186,8),$P$137:$P$186,0)),"") -> Inside Sales | E72: =IFERROR(INDEX($D$137:$D$186,MATCH(LARGE($P$137:$P$186,8),$P$137:$P$186,0)),"") -> APAC | F72: =IFERROR(INDEX($H$137:$H$186,MATCH(LARGE($P$137:$P$186,8),$P$137:$P$186,0)),"") -> 31000 | G72: =IFERROR(INDEX($I$137:$I$186,MATCH(LARGE($P$137:$P$186,8),$P$137:$P$186,0)),"") -> 34000 | H72: =IFERROR(INDEX($J$137:$J$186,MATCH(LARGE($P$137:$P$186,8),$P$137:$P$186,0)),"") -> 1.0967742 | I72: =IFERROR(INDEX($N$137:$N$186,MATCH(LARGE($P$137:$P$186,8),$P$137:$P$186,0)),"") -> 0.91176471 | J72: =IFERROR(INDEX($M$137:$M$186,MATCH(LARGE($P$137:$P$186,8),$P$137:$P$186,0)),"") -> 0.37323944 | K72: =IFERROR(INDEX($O$137:$O$186,MATCH(LARGE($P$137:$P$186,8),$P$137:$P$186,0)),"") -> At Risk – Below Pace
B73: 9 | C73: =IFERROR(INDEX($B$137:$B$186,MATCH(LARGE($P$137:$P$186,9),$P$137:$P$186,0)),"") -> Lucas Okafor | D73: =IFERROR(INDEX($C$137:$C$186,MATCH(LARGE($P$137:$P$186,9),$P$137:$P$186,0)),"") -> Inside Sales | E73: =IFERROR(INDEX($D$137:$D$186,MATCH(LARGE($P$137:$P$186,9),$P$137:$P$186,0)),"") -> APAC | F73: =IFERROR(INDEX($H$137:$H$186,MATCH(LARGE($P$137:$P$186,9),$P$137:$P$186,0)),"") -> 31000 | G73: =IFERROR(INDEX($I$137:$I$186,MATCH(LARGE($P$137:$P$186,9),$P$137:$P$186,0)),"") -> 34200 | H73: =IFERROR(INDEX($J$137:$J$186,MATCH(LARGE($P$137:$P$186,9),$P$137:$P$186,0)),"") -> 1.1032258 | I73: =IFERROR(INDEX($N$137:$N$186,MATCH(LARGE($P$137:$P$186,9),$P$137:$P$186,0)),"") -> 0.90643275 | J73: =IFERROR(INDEX($M$137:$M$186,MATCH(LARGE($P$137:$P$186,9),$P$137:$P$186,0)),"") -> 0.46666667 | K73: =IFERROR(INDEX($O$137:$O$186,MATCH(LARGE($P$137:$P$186,9),$P$137:$P$186,0)),"") -> At Risk – Below Pace
B74: 10 | C74: =IFERROR(INDEX($B$137:$B$186,MATCH(LARGE($P$137:$P$186,10),$P$137:$P$186,0)),"") -> Lea Weber | D74: =IFERROR(INDEX($C$137:$C$186,MATCH(LARGE($P$137:$P$186,10),$P$137:$P$186,0)),"") -> Inside Sales | E74: =IFERROR(INDEX($D$137:$D$186,MATCH(LARGE($P$137:$P$186,10),$P$137:$P$186,0)),"") -> EMEA | F74: =IFERROR(INDEX($H$137:$H$186,MATCH(LARGE($P$137:$P$186,10),$P$137:$P$186,0)),"") -> 13700 | G74: =IFERROR(INDEX($I$137:$I$186,MATCH(LARGE($P$137:$P$186,10),$P$137:$P$186,0)),"") -> 17400 | H74: =IFERROR(INDEX($J$137:$J$186,MATCH(LARGE($P$137:$P$186,10),$P$137:$P$186,0)),"") -> 1.270073 | I74: =IFERROR(INDEX($N$137:$N$186,MATCH(LARGE($P$137:$P$186,10),$P$137:$P$186,0)),"") -> 0.78735632 | J74: =IFERROR(INDEX($M$137:$M$186,MATCH(LARGE($P$137:$P$186,10),$P$137:$P$186,0)),"") -> 0.36153846 | K74: =IFERROR(INDEX($O$137:$O$186,MATCH(LARGE($P$137:$P$186,10),$P$137:$P$186,0)),"") -> At Risk – Below Pace
B75: 11 | C75: =IFERROR(INDEX($B$137:$B$186,MATCH(LARGE($P$137:$P$186,11),$P$137:$P$186,0)),"") -> Rafael Weber | D75: =IFERROR(INDEX($C$137:$C$186,MATCH(LARGE($P$137:$P$186,11),$P$137:$P$186,0)),"") -> Mid-Market | E75: =IFERROR(INDEX($D$137:$D$186,MATCH(LARGE($P$137:$P$186,11),$P$137:$P$186,0)),"") -> APAC | F75: =IFERROR(INDEX($H$137:$H$186,MATCH(LARGE($P$137:$P$186,11),$P$137:$P$186,0)),"") -> 53900 | G75: =IFERROR(INDEX($I$137:$I$186,MATCH(LARGE($P$137:$P$186,11),$P$137:$P$186,0)),"") -> 88600 | H75: =IFERROR(INDEX($J$137:$J$186,MATCH(LARGE($P$137:$P$186,11),$P$137:$P$186,0)),"") -> 1.6437848 | I75: =IFERROR(INDEX($N$137:$N$186,MATCH(LARGE($P$137:$P$186,11),$P$137:$P$186,0)),"") -> 0.60835214 | J75: =IFERROR(INDEX($M$137:$M$186,MATCH(LARGE($P$137:$P$186,11),$P$137:$P$186,0)),"") -> 0.22222222 | K75: =IFERROR(INDEX($O$137:$O$186,MATCH(LARGE($P$137:$P$186,11),$P$137:$P$186,0)),"") -> At Risk – Below Pace
B76: 12 | C76: =IFERROR(INDEX($B$137:$B$186,MATCH(LARGE($P$137:$P$186,12),$P$137:$P$186,0)),"") -> Ana Kim | D76: =IFERROR(INDEX($C$137:$C$186,MATCH(LARGE($P$137:$P$186,12),$P$137:$P$186,0)),"") -> Mid-Market | E76: =IFERROR(INDEX($D$137:$D$186,MATCH(LARGE($P$137:$P$186,12),$P$137:$P$186,0)),"") -> APAC | F76: =IFERROR(INDEX($H$137:$H$186,MATCH(LARGE($P$137:$P$186,12),$P$137:$P$186,0)),"") -> 35100 | G76: =IFERROR(INDEX($I$137:$I$186,MATCH(LARGE($P$137:$P$186,12),$P$137:$P$186,0)),"") -> 61400 | H76: =IFERROR(INDEX($J$137:$J$186,MATCH(LARGE($P$137:$P$186,12),$P$137:$P$186,0)),"") -> 1.7492877 | I76: =IFERROR(INDEX($N$137:$N$186,MATCH(LARGE($P$137:$P$186,12),$P$137:$P$186,0)),"") -> 0.57166124 | J76: =IFERROR(INDEX($M$137:$M$186,MATCH(LARGE($P$137:$P$186,12),$P$137:$P$186,0)),"") -> 0.16666667 | K76: =IFERROR(INDEX($O$137:$O$186,MATCH(LARGE($P$137:$P$186,12),$P$137:$P$186,0)),"") -> At Risk – Below Pace
B77: 13 | C77: =IFERROR(INDEX($B$137:$B$186,MATCH(LARGE($P$137:$P$186,13),$P$137:$P$186,0)),"") -> Hugo Santos | D77: =IFERROR(INDEX($C$137:$C$186,MATCH(LARGE($P$137:$P$186,13),$P$137:$P$186,0)),"") -> Inside Sales | E77: =IFERROR(INDEX($D$137:$D$186,MATCH(LARGE($P$137:$P$186,13),$P$137:$P$186,0)),"") -> EMEA | F77: =IFERROR(INDEX($H$137:$H$186,MATCH(LARGE($P$137:$P$186,13),$P$137:$P$186,0)),"") -> 28700 | G77: =IFERROR(INDEX($I$137:$I$186,MATCH(LARGE($P$137:$P$186,13),$P$137:$P$186,0)),"") -> 52600 | H77: =IFERROR(INDEX($J$137:$J$186,MATCH(LARGE($P$137:$P$186,13),$P$137:$P$186,0)),"") -> 1.8327526 | I77: =IFERROR(INDEX($N$137:$N$186,MATCH(LARGE($P$137:$P$186,13),$P$137:$P$186,0)),"") -> 0.54562738 | J77: =IFERROR(INDEX($M$137:$M$186,MATCH(LARGE($P$137:$P$186,13),$P$137:$P$186,0)),"") -> 0.31304348 | K77: =IFERROR(INDEX($O$137:$O$186,MATCH(LARGE($P$137:$P$186,13),$P$137:$P$186,0)),"") -> At Risk – Below Pace
B78: 14 | C78: =IFERROR(INDEX($B$137:$B$186,MATCH(LARGE($P$137:$P$186,14),$P$137:$P$186,0)),"") -> Priya Weber | D78: =IFERROR(INDEX($C$137:$C$186,MATCH(LARGE($P$137:$P$186,14),$P$137:$P$186,0)),"") -> Inside Sales | E78: =IFERROR(INDEX($D$137:$D$186,MATCH(LARGE($P$137:$P$186,14),$P$137:$P$186,0)),"") -> NAMER | F78: =IFERROR(INDEX($H$137:$H$186,MATCH(LARGE($P$137:$P$186,14),$P$137:$P$186,0)),"") -> 25900 | G78: =IFERROR(INDEX($I$137:$I$186,MATCH(LARGE($P$137:$P$186,14),$P$137:$P$186,0)),"") -> 48200 | H78: =IFERROR(INDEX($J$137:$J$186,MATCH(LARGE($P$137:$P$186,14),$P$137:$P$186,0)),"") -> 1.8610039 | I78: =IFERROR(INDEX($N$137:$N$186,MATCH(LARGE($P$137:$P$186,14),$P$137:$P$186,0)),"") -> 0.5373444 | J78: =IFERROR(INDEX($M$137:$M$186,MATCH(LARGE($P$137:$P$186,14),$P$137:$P$186,0)),"") -> 0.41964286 | K78: =IFERROR(INDEX($O$137:$O$186,MATCH(LARGE($P$137:$P$186,14),$P$137:$P$186,0)),"") -> At Risk – Below Pace
B79: 15 | C79: =IFERROR(INDEX($B$137:$B$186,MATCH(LARGE($P$137:$P$186,15),$P$137:$P$186,0)),"") -> Sara Duarte | D79: =IFERROR(INDEX($C$137:$C$186,MATCH(LARGE($P$137:$P$186,15),$P$137:$P$186,0)),"") -> Inside Sales | E79: =IFERROR(INDEX($D$137:$D$186,MATCH(LARGE($P$137:$P$186,15),$P$137:$P$186,0)),"") -> APAC | F79: =IFERROR(INDEX($H$137:$H$186,MATCH(LARGE($P$137:$P$186,15),$P$137:$P$186,0)),"") -> 17100 | G79: =IFERROR(INDEX($I$137:$I$186,MATCH(LARGE($P$137:$P$186,15),$P$137:$P$186,0)),"") -> 35300 | H79: =IFERROR(INDEX($J$137:$J$186,MATCH(LARGE($P$137:$P$186,15),$P$137:$P$186,0)),"") -> 2.0643275 | I79: =IFERROR(INDEX($N$137:$N$186,MATCH(LARGE($P$137:$P$186,15),$P$137:$P$186,0)),"") -> 0.48441926 | J79: =IFERROR(INDEX($M$137:$M$186,MATCH(LARGE($P$137:$P$186,15),$P$137:$P$186,0)),"") -> 0.66666667 | K79: =IFERROR(INDEX($O$137:$O$186,MATCH(LARGE($P$137:$P$186,15),$P$137:$P$186,0)),"") -> Watch – Under Target Coverage
B80: 16 | C80: =IFERROR(INDEX($B$137:$B$186,MATCH(LARGE($P$137:$P$186,16),$P$137:$P$186,0)),"") -> Riley Haddad | D80: =IFERROR(INDEX($C$137:$C$186,MATCH(LARGE($P$137:$P$186,16),$P$137:$P$186,0)),"") -> Inside Sales | E80: =IFERROR(INDEX($D$137:$D$186,MATCH(LARGE($P$137:$P$186,16),$P$137:$P$186,0)),"") -> APAC | F80: =IFERROR(INDEX($H$137:$H$186,MATCH(LARGE($P$137:$P$186,16),$P$137:$P$186,0)),"") -> 17100 | G80: =IFERROR(INDEX($I$137:$I$186,MATCH(LARGE($P$137:$P$186,16),$P$137:$P$186,0)),"") -> 39700 | H80: =IFERROR(INDEX($J$137:$J$186,MATCH(LARGE($P$137:$P$186,16),$P$137:$P$186,0)),"") -> 2.3216374 | I80: =IFERROR(INDEX($N$137:$N$186,MATCH(LARGE($P$137:$P$186,16),$P$137:$P$186,0)),"") -> 0.43073048 | J80: =IFERROR(INDEX($M$137:$M$186,MATCH(LARGE($P$137:$P$186,16),$P$137:$P$186,0)),"") -> 0.32653061 | K80: =IFERROR(INDEX($O$137:$O$186,MATCH(LARGE($P$137:$P$186,16),$P$137:$P$186,0)),"") -> At Risk – Below Pace
B81: 17 | C81: =IFERROR(INDEX($B$137:$B$186,MATCH(LARGE($P$137:$P$186,17),$P$137:$P$186,0)),"") -> Morgan Larsen | D81: =IFERROR(INDEX($C$137:$C$186,MATCH(LARGE($P$137:$P$186,17),$P$137:$P$186,0)),"") -> Mid-Market | E81: =IFERROR(INDEX($D$137:$D$186,MATCH(LARGE($P$137:$P$186,17),$P$137:$P$186,0)),"") -> NAMER | F81: =IFERROR(INDEX($H$137:$H$186,MATCH(LARGE($P$137:$P$186,17),$P$137:$P$186,0)),"") -> 28900 | G81: =IFERROR(INDEX($I$137:$I$186,MATCH(LARGE($P$137:$P$186,17),$P$137:$P$186,0)),"") -> 72700 | H81: =IFERROR(INDEX($J$137:$J$186,MATCH(LARGE($P$137:$P$186,17),$P$137:$P$186,0)),"") -> 2.5155709 | I81: =IFERROR(INDEX($N$137:$N$186,MATCH(LARGE($P$137:$P$186,17),$P$137:$P$186,0)),"") -> 0.39752407 | J81: =IFERROR(INDEX($M$137:$M$186,MATCH(LARGE($P$137:$P$186,17),$P$137:$P$186,0)),"") -> 0.28571429 | K81: =IFERROR(INDEX($O$137:$O$186,MATCH(LARGE($P$137:$P$186,17),$P$137:$P$186,0)),"") -> At Risk – Below Pace
B82: 18 | C82: =IFERROR(INDEX($B$137:$B$186,MATCH(LARGE($P$137:$P$186,18),$P$137:$P$186,0)),"") -> Jamie Silva | D82: =IFERROR(INDEX($C$137:$C$186,MATCH(LARGE($P$137:$P$186,18),$P$137:$P$186,0)),"") -> Inside Sales | E82: =IFERROR(INDEX($D$137:$D$186,MATCH(LARGE($P$137:$P$186,18),$P$137:$P$186,0)),"") -> EMEA | F82: =IFERROR(INDEX($H$137:$H$186,MATCH(LARGE($P$137:$P$186,18),$P$137:$P$186,0)),"") -> 15300 | G82: =IFERROR(INDEX($I$137:$I$186,MATCH(LARGE($P$137:$P$186,18),$P$137:$P$186,0)),"") -> 41600 | H82: =IFERROR(INDEX($J$137:$J$186,MATCH(LARGE($P$137:$P$186,18),$P$137:$P$186,0)),"") -> 2.7189542 | I82: =IFERROR(INDEX($N$137:$N$186,MATCH(LARGE($P$137:$P$186,18),$P$137:$P$186,0)),"") -> 0.36778846 | J82: =IFERROR(INDEX($M$137:$M$186,MATCH(LARGE($P$137:$P$186,18),$P$137:$P$186,0)),"") -> 0.37234043 | K82: =IFERROR(INDEX($O$137:$O$186,MATCH(LARGE($P$137:$P$186,18),$P$137:$P$186,0)),"") -> Watch – Under Target Coverage
B83: 19 | C83: =IFERROR(INDEX($B$137:$B$186,MATCH(LARGE($P$137:$P$186,19),$P$137:$P$186,0)),"") -> Liam Muller | D83: =IFERROR(INDEX($C$137:$C$186,MATCH(LARGE($P$137:$P$186,19),$P$137:$P$186,0)),"") -> Inside Sales | E83: =IFERROR(INDEX($D$137:$D$186,MATCH(LARGE($P$137:$P$186,19),$P$137:$P$186,0)),"") -> EMEA | F83: =IFERROR(INDEX($H$137:$H$186,MATCH(LARGE($P$137:$P$186,19),$P$137:$P$186,0)),"") -> 18500 | G83: =IFERROR(INDEX($I$137:$I$186,MATCH(LARGE($P$137:$P$186,19),$P$137:$P$186,0)),"") -> 50800 | H83: =IFERROR(INDEX($J$137:$J$186,MATCH(LARGE($P$137:$P$186,19),$P$137:$P$186,0)),"") -> 2.7459459 | I83: =IFERROR(INDEX($N$137:$N$186,MATCH(LARGE($P$137:$P$186,19),$P$137:$P$186,0)),"") -> 0.36417323 | J83: =IFERROR(INDEX($M$137:$M$186,MATCH(LARGE($P$137:$P$186,19),$P$137:$P$186,0)),"") -> 0.35964912 | K83: =IFERROR(INDEX($O$137:$O$186,MATCH(LARGE($P$137:$P$186,19),$P$137:$P$186,0)),"") -> At Risk – Below Pace
B84: 20 | C84: =IFERROR(INDEX($B$137:$B$186,MATCH(LARGE($P$137:$P$186,20),$P$137:$P$186,0)),"") -> Yuki Dubois | D84: =IFERROR(INDEX($C$137:$C$186,MATCH(LARGE($P$137:$P$186,20),$P$137:$P$186,0)),"") -> Mid-Market | E84: =IFERROR(INDEX($D$137:$D$186,MATCH(LARGE($P$137:$P$186,20),$P$137:$P$186,0)),"") -> LATAM | F84: =IFERROR(INDEX($H$137:$H$186,MATCH(LARGE($P$137:$P$186,20),$P$137:$P$186,0)),"") -> 44000 | G84: =IFERROR(INDEX($I$137:$I$186,MATCH(LARGE($P$137:$P$186,20),$P$137:$P$186,0)),"") -> 129900 | H84: =IFERROR(INDEX($J$137:$J$186,MATCH(LARGE($P$137:$P$186,20),$P$137:$P$186,0)),"") -> 2.9522727 | I84: =IFERROR(INDEX($N$137:$N$186,MATCH(LARGE($P$137:$P$186,20),$P$137:$P$186,0)),"") -> 0.33872209 | J84: =IFERROR(INDEX($M$137:$M$186,MATCH(LARGE($P$137:$P$186,20),$P$137:$P$186,0)),"") -> 0.40350877 | K84: =IFERROR(INDEX($O$137:$O$186,MATCH(LARGE($P$137:$P$186,20),$P$137:$P$186,0)),"") -> Watch – Under Target Coverage
B85: 21 | C85: =IFERROR(INDEX($B$137:$B$186,MATCH(LARGE($P$137:$P$186,21),$P$137:$P$186,0)),"") -> Ivy Adler | D85: =IFERROR(INDEX($C$137:$C$186,MATCH(LARGE($P$137:$P$186,21),$P$137:$P$186,0)),"") -> Mid-Market | E85: =IFERROR(INDEX($D$137:$D$186,MATCH(LARGE($P$137:$P$186,21),$P$137:$P$186,0)),"") -> APAC | F85: =IFERROR(INDEX($H$137:$H$186,MATCH(LARGE($P$137:$P$186,21),$P$137:$P$186,0)),"") -> 32000 | G85: =IFERROR(INDEX($I$137:$I$186,MATCH(LARGE($P$137:$P$186,21),$P$137:$P$186,0)),"") -> 106400 | H85: =IFERROR(INDEX($J$137:$J$186,MATCH(LARGE($P$137:$P$186,21),$P$137:$P$186,0)),"") -> 3.325 | I85: =IFERROR(INDEX($N$137:$N$186,MATCH(LARGE($P$137:$P$186,21),$P$137:$P$186,0)),"") -> 0.30075188 | J85: =IFERROR(INDEX($M$137:$M$186,MATCH(LARGE($P$137:$P$186,21),$P$137:$P$186,0)),"") -> 0.34666667 | K85: =IFERROR(INDEX($O$137:$O$186,MATCH(LARGE($P$137:$P$186,21),$P$137:$P$186,0)),"") -> On Track
B86: 22 | C86: =IFERROR(INDEX($B$137:$B$186,MATCH(LARGE($P$137:$P$186,22),$P$137:$P$186,0)),"") -> Cameron Lund | D86: =IFERROR(INDEX($C$137:$C$186,MATCH(LARGE($P$137:$P$186,22),$P$137:$P$186,0)),"") -> Strategic | E86: =IFERROR(INDEX($D$137:$D$186,MATCH(LARGE($P$137:$P$186,22),$P$137:$P$186,0)),"") -> LATAM | F86: =IFERROR(INDEX($H$137:$H$186,MATCH(LARGE($P$137:$P$186,22),$P$137:$P$186,0)),"") -> 145000 | G86: =IFERROR(INDEX($I$137:$I$186,MATCH(LARGE($P$137:$P$186,22),$P$137:$P$186,0)),"") -> 520000 | H86: =IFERROR(INDEX($J$137:$J$186,MATCH(LARGE($P$137:$P$186,22),$P$137:$P$186,0)),"") -> 3.5862069 | I86: =IFERROR(INDEX($N$137:$N$186,MATCH(LARGE($P$137:$P$186,22),$P$137:$P$186,0)),"") -> 0.27884615 | J86: =IFERROR(INDEX($M$137:$M$186,MATCH(LARGE($P$137:$P$186,22),$P$137:$P$186,0)),"") -> 0.4 | K86: =IFERROR(INDEX($O$137:$O$186,MATCH(LARGE($P$137:$P$186,22),$P$137:$P$186,0)),"") -> On Track
B87: 23 | C87: =IFERROR(INDEX($B$137:$B$186,MATCH(LARGE($P$137:$P$186,23),$P$137:$P$186,0)),"") -> Felix Okafor | D87: =IFERROR(INDEX($C$137:$C$186,MATCH(LARGE($P$137:$P$186,23),$P$137:$P$186,0)),"") -> Mid-Market | E87: =IFERROR(INDEX($D$137:$D$186,MATCH(LARGE($P$137:$P$186,23),$P$137:$P$186,0)),"") -> EMEA | F87: =IFERROR(INDEX($H$137:$H$186,MATCH(LARGE($P$137:$P$186,23),$P$137:$P$186,0)),"") -> 33700 | G87: =IFERROR(INDEX($I$137:$I$186,MATCH(LARGE($P$137:$P$186,23),$P$137:$P$186,0)),"") -> 122800 | H87: =IFERROR(INDEX($J$137:$J$186,MATCH(LARGE($P$137:$P$186,23),$P$137:$P$186,0)),"") -> 3.6439169 | I87: =IFERROR(INDEX($N$137:$N$186,MATCH(LARGE($P$137:$P$186,23),$P$137:$P$186,0)),"") -> 0.27442997 | J87: =IFERROR(INDEX($M$137:$M$186,MATCH(LARGE($P$137:$P$186,23),$P$137:$P$186,0)),"") -> 0.32876712 | K87: =IFERROR(INDEX($O$137:$O$186,MATCH(LARGE($P$137:$P$186,23),$P$137:$P$186,0)),"") -> On Track
B88: 24 | C88: =IFERROR(INDEX($B$137:$B$186,MATCH(LARGE($P$137:$P$186,24),$P$137:$P$186,0)),"") -> Erik Duarte | D88: =IFERROR(INDEX($C$137:$C$186,MATCH(LARGE($P$137:$P$186,24),$P$137:$P$186,0)),"") -> Mid-Market | E88: =IFERROR(INDEX($D$137:$D$186,MATCH(LARGE($P$137:$P$186,24),$P$137:$P$186,0)),"") -> EMEA | F88: =IFERROR(INDEX($H$137:$H$186,MATCH(LARGE($P$137:$P$186,24),$P$137:$P$186,0)),"") -> 27500 | G88: =IFERROR(INDEX($I$137:$I$186,MATCH(LARGE($P$137:$P$186,24),$P$137:$P$186,0)),"") -> 100700 | H88: =IFERROR(INDEX($J$137:$J$186,MATCH(LARGE($P$137:$P$186,24),$P$137:$P$186,0)),"") -> 3.6618182 | I88: =IFERROR(INDEX($N$137:$N$186,MATCH(LARGE($P$137:$P$186,24),$P$137:$P$186,0)),"") -> 0.27308838 | J88: =IFERROR(INDEX($M$137:$M$186,MATCH(LARGE($P$137:$P$186,24),$P$137:$P$186,0)),"") -> 0.30864198 | K88: =IFERROR(INDEX($O$137:$O$186,MATCH(LARGE($P$137:$P$186,24),$P$137:$P$186,0)),"") -> On Track
B89: 25 | C89: =IFERROR(INDEX($B$137:$B$186,MATCH(LARGE($P$137:$P$186,25),$P$137:$P$186,0)),"") -> Noah Adler | D89: =IFERROR(INDEX($C$137:$C$186,MATCH(LARGE($P$137:$P$186,25),$P$137:$P$186,0)),"") -> Inside Sales | E89: =IFERROR(INDEX($D$137:$D$186,MATCH(LARGE($P$137:$P$186,25),$P$137:$P$186,0)),"") -> NAMER | F89: =IFERROR(INDEX($H$137:$H$186,MATCH(LARGE($P$137:$P$186,25),$P$137:$P$186,0)),"") -> 9200 | G89: =IFERROR(INDEX($I$137:$I$186,MATCH(LARGE($P$137:$P$186,25),$P$137:$P$186,0)),"") -> 35100 | H89: =IFERROR(INDEX($J$137:$J$186,MATCH(LARGE($P$137:$P$186,25),$P$137:$P$186,0)),"") -> 3.8152174 | I89: =IFERROR(INDEX($N$137:$N$186,MATCH(LARGE($P$137:$P$186,25),$P$137:$P$186,0)),"") -> 0.26210826 | J89: =IFERROR(INDEX($M$137:$M$186,MATCH(LARGE($P$137:$P$186,25),$P$137:$P$186,0)),"") -> 1 | K89: =IFERROR(INDEX($O$137:$O$186,MATCH(LARGE($P$137:$P$186,25),$P$137:$P$186,0)),"") -> On Track
B90: 26 | C90: =IFERROR(INDEX($B$137:$B$186,MATCH(LARGE($P$137:$P$186,26),$P$137:$P$186,0)),"") -> Erik Kim | D90: =IFERROR(INDEX($C$137:$C$186,MATCH(LARGE($P$137:$P$186,26),$P$137:$P$186,0)),"") -> Mid-Market | E90: =IFERROR(INDEX($D$137:$D$186,MATCH(LARGE($P$137:$P$186,26),$P$137:$P$186,0)),"") -> NAMER | F90: =IFERROR(INDEX($H$137:$H$186,MATCH(LARGE($P$137:$P$186,26),$P$137:$P$186,0)),"") -> 32000 | G90: =IFERROR(INDEX($I$137:$I$186,MATCH(LARGE($P$137:$P$186,26),$P$137:$P$186,0)),"") -> 124300 | H90: =IFERROR(INDEX($J$137:$J$186,MATCH(LARGE($P$137:$P$186,26),$P$137:$P$186,0)),"") -> 3.884375 | I90: =IFERROR(INDEX($N$137:$N$186,MATCH(LARGE($P$137:$P$186,26),$P$137:$P$186,0)),"") -> 0.25744167 | J90: =IFERROR(INDEX($M$137:$M$186,MATCH(LARGE($P$137:$P$186,26),$P$137:$P$186,0)),"") -> 0.34793187 | K90: =IFERROR(INDEX($O$137:$O$186,MATCH(LARGE($P$137:$P$186,26),$P$137:$P$186,0)),"") -> On Track
B91: 27 | C91: =IFERROR(INDEX($B$137:$B$186,MATCH(LARGE($P$137:$P$186,27),$P$137:$P$186,0)),"") -> Noah Kim | D91: =IFERROR(INDEX($C$137:$C$186,MATCH(LARGE($P$137:$P$186,27),$P$137:$P$186,0)),"") -> Enterprise | E91: =IFERROR(INDEX($D$137:$D$186,MATCH(LARGE($P$137:$P$186,27),$P$137:$P$186,0)),"") -> LATAM | F91: =IFERROR(INDEX($H$137:$H$186,MATCH(LARGE($P$137:$P$186,27),$P$137:$P$186,0)),"") -> 76700 | G91: =IFERROR(INDEX($I$137:$I$186,MATCH(LARGE($P$137:$P$186,27),$P$137:$P$186,0)),"") -> 316300 | H91: =IFERROR(INDEX($J$137:$J$186,MATCH(LARGE($P$137:$P$186,27),$P$137:$P$186,0)),"") -> 4.1238592 | I91: =IFERROR(INDEX($N$137:$N$186,MATCH(LARGE($P$137:$P$186,27),$P$137:$P$186,0)),"") -> 0.24249131 | J91: =IFERROR(INDEX($M$137:$M$186,MATCH(LARGE($P$137:$P$186,27),$P$137:$P$186,0)),"") -> 0.19047619 | K91: =IFERROR(INDEX($O$137:$O$186,MATCH(LARGE($P$137:$P$186,27),$P$137:$P$186,0)),"") -> At Risk – Below Pace
B92: 28 | C92: =IFERROR(INDEX($B$137:$B$186,MATCH(LARGE($P$137:$P$186,28),$P$137:$P$186,0)),"") -> Milo Weber | D92: =IFERROR(INDEX($C$137:$C$186,MATCH(LARGE($P$137:$P$186,28),$P$137:$P$186,0)),"") -> Enterprise | E92: =IFERROR(INDEX($D$137:$D$186,MATCH(LARGE($P$137:$P$186,28),$P$137:$P$186,0)),"") -> NAMER | F92: =IFERROR(INDEX($H$137:$H$186,MATCH(LARGE($P$137:$P$186,28),$P$137:$P$186,0)),"") -> 82700 | G92: =IFERROR(INDEX($I$137:$I$186,MATCH(LARGE($P$137:$P$186,28),$P$137:$P$186,0)),"") -> 385500 | H92: =IFERROR(INDEX($J$137:$J$186,MATCH(LARGE($P$137:$P$186,28),$P$137:$P$186,0)),"") -> 4.6614268 | I92: =IFERROR(INDEX($N$137:$N$186,MATCH(LARGE($P$137:$P$186,28),$P$137:$P$186,0)),"") -> 0.21452659 | J92: =IFERROR(INDEX($M$137:$M$186,MATCH(LARGE($P$137:$P$186,28),$P$137:$P$186,0)),"") -> 0.21875 | K92: =IFERROR(INDEX($O$137:$O$186,MATCH(LARGE($P$137:$P$186,28),$P$137:$P$186,0)),"") -> On Track
B93: 29 | C93: =IFERROR(INDEX($B$137:$B$186,MATCH(LARGE($P$137:$P$186,29),$P$137:$P$186,0)),"") -> Jamie Schmidt | D93: =IFERROR(INDEX($C$137:$C$186,MATCH(LARGE($P$137:$P$186,29),$P$137:$P$186,0)),"") -> Inside Sales | E93: =IFERROR(INDEX($D$137:$D$186,MATCH(LARGE($P$137:$P$186,29),$P$137:$P$186,0)),"") -> APAC | F93: =IFERROR(INDEX($H$137:$H$186,MATCH(LARGE($P$137:$P$186,29),$P$137:$P$186,0)),"") -> 10700 | G93: =IFERROR(INDEX($I$137:$I$186,MATCH(LARGE($P$137:$P$186,29),$P$137:$P$186,0)),"") -> 52700 | H93: =IFERROR(INDEX($J$137:$J$186,MATCH(LARGE($P$137:$P$186,29),$P$137:$P$186,0)),"") -> 4.9252336 | I93: =IFERROR(INDEX($N$137:$N$186,MATCH(LARGE($P$137:$P$186,29),$P$137:$P$186,0)),"") -> 0.20303605 | J93: =IFERROR(INDEX($M$137:$M$186,MATCH(LARGE($P$137:$P$186,29),$P$137:$P$186,0)),"") -> 0.35353535 | K93: =IFERROR(INDEX($O$137:$O$186,MATCH(LARGE($P$137:$P$186,29),$P$137:$P$186,0)),"") -> On Track
B94: 30 | C94: =IFERROR(INDEX($B$137:$B$186,MATCH(LARGE($P$137:$P$186,30),$P$137:$P$186,0)),"") -> Morgan Weber | D94: =IFERROR(INDEX($C$137:$C$186,MATCH(LARGE($P$137:$P$186,30),$P$137:$P$186,0)),"") -> Mid-Market | E94: =IFERROR(INDEX($D$137:$D$186,MATCH(LARGE($P$137:$P$186,30),$P$137:$P$186,0)),"") -> NAMER | F94: =IFERROR(INDEX($H$137:$H$186,MATCH(LARGE($P$137:$P$186,30),$P$137:$P$186,0)),"") -> 19800 | G94: =IFERROR(INDEX($I$137:$I$186,MATCH(LARGE($P$137:$P$186,30),$P$137:$P$186,0)),"") -> 114900 | H94: =IFERROR(INDEX($J$137:$J$186,MATCH(LARGE($P$137:$P$186,30),$P$137:$P$186,0)),"") -> 5.8030303 | I94: =IFERROR(INDEX($N$137:$N$186,MATCH(LARGE($P$137:$P$186,30),$P$137:$P$186,0)),"") -> 0.17232376 | J94: =IFERROR(INDEX($M$137:$M$186,MATCH(LARGE($P$137:$P$186,30),$P$137:$P$186,0)),"") -> 0.30769231 | K94: =IFERROR(INDEX($O$137:$O$186,MATCH(LARGE($P$137:$P$186,30),$P$137:$P$186,0)),"") -> On Track
B95: 31 | C95: =IFERROR(INDEX($B$137:$B$186,MATCH(LARGE($P$137:$P$186,31),$P$137:$P$186,0)),"") -> Lucas Cohen | D95: =IFERROR(INDEX($C$137:$C$186,MATCH(LARGE($P$137:$P$186,31),$P$137:$P$186,0)),"") -> Enterprise | E95: =IFERROR(INDEX($D$137:$D$186,MATCH(LARGE($P$137:$P$186,31),$P$137:$P$186,0)),"") -> NAMER | F95: =IFERROR(INDEX($H$137:$H$186,MATCH(LARGE($P$137:$P$186,31),$P$137:$P$186,0)),"") -> 72400 | G95: =IFERROR(INDEX($I$137:$I$186,MATCH(LARGE($P$137:$P$186,31),$P$137:$P$186,0)),"") -> 432800 | H95: =IFERROR(INDEX($J$137:$J$186,MATCH(LARGE($P$137:$P$186,31),$P$137:$P$186,0)),"") -> 5.9779006 | I95: =IFERROR(INDEX($N$137:$N$186,MATCH(LARGE($P$137:$P$186,31),$P$137:$P$186,0)),"") -> 0.16728281 | J95: =IFERROR(INDEX($M$137:$M$186,MATCH(LARGE($P$137:$P$186,31),$P$137:$P$186,0)),"") -> 0.16666667 | K95: =IFERROR(INDEX($O$137:$O$186,MATCH(LARGE($P$137:$P$186,31),$P$137:$P$186,0)),"") -> At Risk – Below Pace
B96: 32 | C96: =IFERROR(INDEX($B$137:$B$186,MATCH(LARGE($P$137:$P$186,32),$P$137:$P$186,0)),"") -> Sara Andersson | D96: =IFERROR(INDEX($C$137:$C$186,MATCH(LARGE($P$137:$P$186,32),$P$137:$P$186,0)),"") -> Strategic | E96: =IFERROR(INDEX($D$137:$D$186,MATCH(LARGE($P$137:$P$186,32),$P$137:$P$186,0)),"") -> APAC | F96: =IFERROR(INDEX($H$137:$H$186,MATCH(LARGE($P$137:$P$186,32),$P$137:$P$186,0)),"") -> 143900 | G96: =IFERROR(INDEX($I$137:$I$186,MATCH(LARGE($P$137:$P$186,32),$P$137:$P$186,0)),"") -> 861300 | H96: =IFERROR(INDEX($J$137:$J$186,MATCH(LARGE($P$137:$P$186,32),$P$137:$P$186,0)),"") -> 5.9854065 | I96: =IFERROR(INDEX($N$137:$N$186,MATCH(LARGE($P$137:$P$186,32),$P$137:$P$186,0)),"") -> 0.16707303 | J96: =IFERROR(INDEX($M$137:$M$186,MATCH(LARGE($P$137:$P$186,32),$P$137:$P$186,0)),"") -> 0.28125 | K96: =IFERROR(INDEX($O$137:$O$186,MATCH(LARGE($P$137:$P$186,32),$P$137:$P$186,0)),"") -> On Track
B97: 33 | C97: =IFERROR(INDEX($B$137:$B$186,MATCH(LARGE($P$137:$P$186,33),$P$137:$P$186,0)),"") -> Alex Okafor | D97: =IFERROR(INDEX($C$137:$C$186,MATCH(LARGE($P$137:$P$186,33),$P$137:$P$186,0)),"") -> Inside Sales | E97: =IFERROR(INDEX($D$137:$D$186,MATCH(LARGE($P$137:$P$186,33),$P$137:$P$186,0)),"") -> EMEA | F97: =IFERROR(INDEX($H$137:$H$186,MATCH(LARGE($P$137:$P$186,33),$P$137:$P$186,0)),"") -> 5000 | G97: =IFERROR(INDEX($I$137:$I$186,MATCH(LARGE($P$137:$P$186,33),$P$137:$P$186,0)),"") -> 40500 | H97: =IFERROR(INDEX($J$137:$J$186,MATCH(LARGE($P$137:$P$186,33),$P$137:$P$186,0)),"") -> 8.1 | I97: =IFERROR(INDEX($N$137:$N$186,MATCH(LARGE($P$137:$P$186,33),$P$137:$P$186,0)),"") -> 0.12345679 | J97: =IFERROR(INDEX($M$137:$M$186,MATCH(LARGE($P$137:$P$186,33),$P$137:$P$186,0)),"") -> 0.42592593 | K97: =IFERROR(INDEX($O$137:$O$186,MATCH(LARGE($P$137:$P$186,33),$P$137:$P$186,0)),"") -> On Track
B98: 34 | C98: =IFERROR(INDEX($B$137:$B$186,MATCH(LARGE($P$137:$P$186,34),$P$137:$P$186,0)),"") -> Riley Duarte | D98: =IFERROR(INDEX($C$137:$C$186,MATCH(LARGE($P$137:$P$186,34),$P$137:$P$186,0)),"") -> Inside Sales | E98: =IFERROR(INDEX($D$137:$D$186,MATCH(LARGE($P$137:$P$186,34),$P$137:$P$186,0)),"") -> APAC | F98: =IFERROR(INDEX($H$137:$H$186,MATCH(LARGE($P$137:$P$186,34),$P$137:$P$186,0)),"") -> 3800 | G98: =IFERROR(INDEX($I$137:$I$186,MATCH(LARGE($P$137:$P$186,34),$P$137:$P$186,0)),"") -> 39300 | H98: =IFERROR(INDEX($J$137:$J$186,MATCH(LARGE($P$137:$P$186,34),$P$137:$P$186,0)),"") -> 10.342105 | I98: =IFERROR(INDEX($N$137:$N$186,MATCH(LARGE($P$137:$P$186,34),$P$137:$P$186,0)),"") -> 0.096692112 | J98: =IFERROR(INDEX($M$137:$M$186,MATCH(LARGE($P$137:$P$186,34),$P$137:$P$186,0)),"") -> 0.34793187 | K98: =IFERROR(INDEX($O$137:$O$186,MATCH(LARGE($P$137:$P$186,34),$P$137:$P$186,0)),"") -> On Track
B99: 35 | C99: =IFERROR(INDEX($B$137:$B$186,MATCH(LARGE($P$137:$P$186,35),$P$137:$P$186,0)),"") -> Ana Sato | D99: =IFERROR(INDEX($C$137:$C$186,MATCH(LARGE($P$137:$P$186,35),$P$137:$P$186,0)),"") -> Mid-Market | E99: =IFERROR(INDEX($D$137:$D$186,MATCH(LARGE($P$137:$P$186,35),$P$137:$P$186,0)),"") -> APAC | F99: =IFERROR(INDEX($H$137:$H$186,MATCH(LARGE($P$137:$P$186,35),$P$137:$P$186,0)),"") -> 11000 | G99: =IFERROR(INDEX($I$137:$I$186,MATCH(LARGE($P$137:$P$186,35),$P$137:$P$186,0)),"") -> 142600 | H99: =IFERROR(INDEX($J$137:$J$186,MATCH(LARGE($P$137:$P$186,35),$P$137:$P$186,0)),"") -> 12.963636 | I99: =IFERROR(INDEX($N$137:$N$186,MATCH(LARGE($P$137:$P$186,35),$P$137:$P$186,0)),"") -> 0.07713885 | J99: =IFERROR(INDEX($M$137:$M$186,MATCH(LARGE($P$137:$P$186,35),$P$137:$P$186,0)),"") -> 0.66666667 | K99: =IFERROR(INDEX($O$137:$O$186,MATCH(LARGE($P$137:$P$186,35),$P$137:$P$186,0)),"") -> On Track
B100: 36 | C100: =IFERROR(INDEX($B$137:$B$186,MATCH(LARGE($P$137:$P$186,36),$P$137:$P$186,0)),"") -> Lucas Duarte | D100: =IFERROR(INDEX($C$137:$C$186,MATCH(LARGE($P$137:$P$186,36),$P$137:$P$186,0)),"") -> Inside Sales | E100: =IFERROR(INDEX($D$137:$D$186,MATCH(LARGE($P$137:$P$186,36),$P$137:$P$186,0)),"") -> LATAM | F100: =IFERROR(INDEX($H$137:$H$186,MATCH(LARGE($P$137:$P$186,36),$P$137:$P$186,0)),"") -> 3200 | G100: =IFERROR(INDEX($I$137:$I$186,MATCH(LARGE($P$137:$P$186,36),$P$137:$P$186,0)),"") -> 46300 | H100: =IFERROR(INDEX($J$137:$J$186,MATCH(LARGE($P$137:$P$186,36),$P$137:$P$186,0)),"") -> 14.46875 | I100: =IFERROR(INDEX($N$137:$N$186,MATCH(LARGE($P$137:$P$186,36),$P$137:$P$186,0)),"") -> 0.069114471 | J100: =IFERROR(INDEX($M$137:$M$186,MATCH(LARGE($P$137:$P$186,36),$P$137:$P$186,0)),"") -> 0.40601504 | K100: =IFERROR(INDEX($O$137:$O$186,MATCH(LARGE($P$137:$P$186,36),$P$137:$P$186,0)),"") -> On Track
B101: 37 | C101: =IFERROR(INDEX($B$137:$B$186,MATCH(LARGE($P$137:$P$186,37),$P$137:$P$186,0)),"") -> Alex Muller | D101: =IFERROR(INDEX($C$137:$C$186,MATCH(LARGE($P$137:$P$186,37),$P$137:$P$186,0)),"") -> Inside Sales | E101: =IFERROR(INDEX($D$137:$D$186,MATCH(LARGE($P$137:$P$186,37),$P$137:$P$186,0)),"") -> NAMER | F101: =IFERROR(INDEX($H$137:$H$186,MATCH(LARGE($P$137:$P$186,37),$P$137:$P$186,0)),"") -> 600 | G101: =IFERROR(INDEX($I$137:$I$186,MATCH(LARGE($P$137:$P$186,37),$P$137:$P$186,0)),"") -> 19000 | H101: =IFERROR(INDEX($J$137:$J$186,MATCH(LARGE($P$137:$P$186,37),$P$137:$P$186,0)),"") -> 31.666667 | I101: =IFERROR(INDEX($N$137:$N$186,MATCH(LARGE($P$137:$P$186,37),$P$137:$P$186,0)),"") -> 0.031578947 | J101: =IFERROR(INDEX($M$137:$M$186,MATCH(LARGE($P$137:$P$186,37),$P$137:$P$186,0)),"") -> 0.46086957 | K101: =IFERROR(INDEX($O$137:$O$186,MATCH(LARGE($P$137:$P$186,37),$P$137:$P$186,0)),"") -> On Track
B102: 38 | C102: =IFERROR(INDEX($B$137:$B$186,MATCH(LARGE($P$137:$P$186,38),$P$137:$P$186,0)),"") -> Sam Schmidt | D102: =IFERROR(INDEX($C$137:$C$186,MATCH(LARGE($P$137:$P$186,38),$P$137:$P$186,0)),"") -> Enterprise | E102: =IFERROR(INDEX($D$137:$D$186,MATCH(LARGE($P$137:$P$186,38),$P$137:$P$186,0)),"") -> EMEA | F102: =IFERROR(INDEX($H$137:$H$186,MATCH(LARGE($P$137:$P$186,38),$P$137:$P$186,0)),"") -> 0 | G102: =IFERROR(INDEX($I$137:$I$186,MATCH(LARGE($P$137:$P$186,38),$P$137:$P$186,0)),"") -> 553600 | H102: =IFERROR(INDEX($J$137:$J$186,MATCH(LARGE($P$137:$P$186,38),$P$137:$P$186,0)),"") | I102: =IFERROR(INDEX($N$137:$N$186,MATCH(LARGE($P$137:$P$186,38),$P$137:$P$186,0)),"") | J102: =IFERROR(INDEX($M$137:$M$186,MATCH(LARGE($P$137:$P$186,38),$P$137:$P$186,0)),"") -> 0.22222222 | K102: =IFERROR(INDEX($O$137:$O$186,MATCH(LARGE($P$137:$P$186,38),$P$137:$P$186,0)),"") -> Goal Achieved
B103: 39 | C103: =IFERROR(INDEX($B$137:$B$186,MATCH(LARGE($P$137:$P$186,39),$P$137:$P$186,0)),"") -> Zara Duarte | D103: =IFERROR(INDEX($C$137:$C$186,MATCH(LARGE($P$137:$P$186,39),$P$137:$P$186,0)),"") -> Enterprise | E103: =IFERROR(INDEX($D$137:$D$186,MATCH(LARGE($P$137:$P$186,39),$P$137:$P$186,0)),"") -> NAMER | F103: =IFERROR(INDEX($H$137:$H$186,MATCH(LARGE($P$137:$P$186,39),$P$137:$P$186,0)),"") -> 0 | G103: =IFERROR(INDEX($I$137:$I$186,MATCH(LARGE($P$137:$P$186,39),$P$137:$P$186,0)),"") -> 593200 | H103: =IFERROR(INDEX($J$137:$J$186,MATCH(LARGE($P$137:$P$186,39),$P$137:$P$186,0)),"") | I103: =IFERROR(INDEX($N$137:$N$186,MATCH(LARGE($P$137:$P$186,39),$P$137:$P$186,0)),"") | J103: =IFERROR(INDEX($M$137:$M$186,MATCH(LARGE($P$137:$P$186,39),$P$137:$P$186,0)),"") -> 0.23529412 | K103: =IFERROR(INDEX($O$137:$O$186,MATCH(LARGE($P$137:$P$186,39),$P$137:$P$186,0)),"") -> Goal Achieved
B104: 40 | C104: =IFERROR(INDEX($B$137:$B$186,MATCH(LARGE($P$137:$P$186,40),$P$137:$P$186,0)),"") -> Karim Alvarez | D104: =IFERROR(INDEX($C$137:$C$186,MATCH(LARGE($P$137:$P$186,40),$P$137:$P$186,0)),"") -> Inside Sales | E104: =IFERROR(INDEX($D$137:$D$186,MATCH(LARGE($P$137:$P$186,40),$P$137:$P$186,0)),"") -> EMEA | F104: =IFERROR(INDEX($H$137:$H$186,MATCH(LARGE($P$137:$P$186,40),$P$137:$P$186,0)),"") -> 0 | G104: =IFERROR(INDEX($I$137:$I$186,MATCH(LARGE($P$137:$P$186,40),$P$137:$P$186,0)),"") -> 43500 | H104: =IFERROR(INDEX($J$137:$J$186,MATCH(LARGE($P$137:$P$186,40),$P$137:$P$186,0)),"") | I104: =IFERROR(INDEX($N$137:$N$186,MATCH(LARGE($P$137:$P$186,40),$P$137:$P$186,0)),"") | J104: =IFERROR(INDEX($M$137:$M$186,MATCH(LARGE($P$137:$P$186,40),$P$137:$P$186,0)),"") -> 0.37301587 | K104: =IFERROR(INDEX($O$137:$O$186,MATCH(LARGE($P$137:$P$186,40),$P$137:$P$186,0)),"") -> Goal Achieved
B105: 41 | C105: =IFERROR(INDEX($B$137:$B$186,MATCH(LARGE($P$137:$P$186,41),$P$137:$P$186,0)),"") -> Jonas Sato | D105: =IFERROR(INDEX($C$137:$C$186,MATCH(LARGE($P$137:$P$186,41),$P$137:$P$186,0)),"") -> Mid-Market | E105: =IFERROR(INDEX($D$137:$D$186,MATCH(LARGE($P$137:$P$186,41),$P$137:$P$186,0)),"") -> LATAM | F105: =IFERROR(INDEX($H$137:$H$186,MATCH(LARGE($P$137:$P$186,41),$P$137:$P$186,0)),"") -> 0 | G105: =IFERROR(INDEX($I$137:$I$186,MATCH(LARGE($P$137:$P$186,41),$P$137:$P$186,0)),"") -> 92600 | H105: =IFERROR(INDEX($J$137:$J$186,MATCH(LARGE($P$137:$P$186,41),$P$137:$P$186,0)),"") | I105: =IFERROR(INDEX($N$137:$N$186,MATCH(LARGE($P$137:$P$186,41),$P$137:$P$186,0)),"") | J105: =IFERROR(INDEX($M$137:$M$186,MATCH(LARGE($P$137:$P$186,41),$P$137:$P$186,0)),"") -> 0.26760563 | K105: =IFERROR(INDEX($O$137:$O$186,MATCH(LARGE($P$137:$P$186,41),$P$137:$P$186,0)),"") -> Goal Achieved
B106: 42 | C106: =IFERROR(INDEX($B$137:$B$186,MATCH(LARGE($P$137:$P$186,42),$P$137:$P$186,0)),"") -> Fatima Rossi | D106: =IFERROR(INDEX($C$137:$C$186,MATCH(LARGE($P$137:$P$186,42),$P$137:$P$186,0)),"") -> Strategic | E106: =IFERROR(INDEX($D$137:$D$186,MATCH(LARGE($P$137:$P$186,42),$P$137:$P$186,0)),"") -> NAMER | F106: =IFERROR(INDEX($H$137:$H$186,MATCH(LARGE($P$137:$P$186,42),$P$137:$P$186,0)),"") -> 0 | G106: =IFERROR(INDEX($I$137:$I$186,MATCH(LARGE($P$137:$P$186,42),$P$137:$P$186,0)),"") -> 678200 | H106: =IFERROR(INDEX($J$137:$J$186,MATCH(LARGE($P$137:$P$186,42),$P$137:$P$186,0)),"") | I106: =IFERROR(INDEX($N$137:$N$186,MATCH(LARGE($P$137:$P$186,42),$P$137:$P$186,0)),"") | J106: =IFERROR(INDEX($M$137:$M$186,MATCH(LARGE($P$137:$P$186,42),$P$137:$P$186,0)),"") -> 0.33333333 | K106: =IFERROR(INDEX($O$137:$O$186,MATCH(LARGE($P$137:$P$186,42),$P$137:$P$186,0)),"") -> Goal Achieved
B107: 43 | C107: =IFERROR(INDEX($B$137:$B$186,MATCH(LARGE($P$137:$P$186,43),$P$137:$P$186,0)),"") | D107: =IFERROR(INDEX($C$137:$C$186,MATCH(LARGE($P$137:$P$186,43),$P$137:$P$186,0)),"") | E107: =IFERROR(INDEX($D$137:$D$186,MATCH(LARGE($P$137:$P$186,43),$P$137:$P$186,0)),"") | F107: =IFERROR(INDEX($H$137:$H$186,MATCH(LARGE($P$137:$P$186,43),$P$137:$P$186,0)),"") | G107: =IFERROR(INDEX($I$137:$I$186,MATCH(LARGE($P$137:$P$186,43),$P$137:$P$186,0)),"") | H107: =IFERROR(INDEX($J$137:$J$186,MATCH(LARGE($P$137:$P$186,43),$P$137:$P$186,0)),"") | I107: =IFERROR(INDEX($N$137:$N$186,MATCH(LARGE($P$137:$P$186,43),$P$137:$P$186,0)),"") | J107: =IFERROR(INDEX($M$137:$M$186,MATCH(LARGE($P$137:$P$186,43),$P$137:$P$186,0)),"") | K107: =IFERROR(INDEX($O$137:$O$186,MATCH(LARGE($P$137:$P$186,43),$P$137:$P$186,0)),"")
B108: 44 | C108: =IFERROR(INDEX($B$137:$B$186,MATCH(LARGE($P$137:$P$186,44),$P$137:$P$186,0)),"") | D108: =IFERROR(INDEX($C$137:$C$186,MATCH(LARGE($P$137:$P$186,44),$P$137:$P$186,0)),"") | E108: =IFERROR(INDEX($D$137:$D$186,MATCH(LARGE($P$137:$P$186,44),$P$137:$P$186,0)),"") | F108: =IFERROR(INDEX($H$137:$H$186,MATCH(LARGE($P$137:$P$186,44),$P$137:$P$186,0)),"") | G108: =IFERROR(INDEX($I$137:$I$186,MATCH(LARGE($P$137:$P$186,44),$P$137:$P$186,0)),"") | H108: =IFERROR(INDEX($J$137:$J$186,MATCH(LARGE($P$137:$P$186,44),$P$137:$P$186,0)),"") | I108: =IFERROR(INDEX($N$137:$N$186,MATCH(LARGE($P$137:$P$186,44),$P$137:$P$186,0)),"") | J108: =IFERROR(INDEX($M$137:$M$186,MATCH(LARGE($P$137:$P$186,44),$P$137:$P$186,0)),"") | K108: =IFERROR(INDEX($O$137:$O$186,MATCH(LARGE($P$137:$P$186,44),$P$137:$P$186,0)),"")
B109: 45 | C109: =IFERROR(INDEX($B$137:$B$186,MATCH(LARGE($P$137:$P$186,45),$P$137:$P$186,0)),"") | D109: =IFERROR(INDEX($C$137:$C$186,MATCH(LARGE($P$137:$P$186,45),$P$137:$P$186,0)),"") | E109: =IFERROR(INDEX($D$137:$D$186,MATCH(LARGE($P$137:$P$186,45),$P$137:$P$186,0)),"") | F109: =IFERROR(INDEX($H$137:$H$186,MATCH(LARGE($P$137:$P$186,45),$P$137:$P$186,0)),"") | G109: =IFERROR(INDEX($I$137:$I$186,MATCH(LARGE($P$137:$P$186,45),$P$137:$P$186,0)),"") | H109: =IFERROR(INDEX($J$137:$J$186,MATCH(LARGE($P$137:$P$186,45),$P$137:$P$186,0)),"") | I109: =IFERROR(INDEX($N$137:$N$186,MATCH(LARGE($P$137:$P$186,45),$P$137:$P$186,0)),"") | J109: =IFERROR(INDEX($M$137:$M$186,MATCH(LARGE($P$137:$P$186,45),$P$137:$P$186,0)),"") | K109: =IFERROR(INDEX($O$137:$O$186,MATCH(LARGE($P$137:$P$186,45),$P$137:$P$186,0)),"")
B110: 46 | C110: =IFERROR(INDEX($B$137:$B$186,MATCH(LARGE($P$137:$P$186,46),$P$137:$P$186,0)),"") | D110: =IFERROR(INDEX($C$137:$C$186,MATCH(LARGE($P$137:$P$186,46),$P$137:$P$186,0)),"") | E110: =IFERROR(INDEX($D$137:$D$186,MATCH(LARGE($P$137:$P$186,46),$P$137:$P$186,0)),"") | F110: =IFERROR(INDEX($H$137:$H$186,MATCH(LARGE($P$137:$P$186,46),$P$137:$P$186,0)),"") | G110: =IFERROR(INDEX($I$137:$I$186,MATCH(LARGE($P$137:$P$186,46),$P$137:$P$186,0)),"") | H110: =IFERROR(INDEX($J$137:$J$186,MATCH(LARGE($P$137:$P$186,46),$P$137:$P$186,0)),"") | I110: =IFERROR(INDEX($N$137:$N$186,MATCH(LARGE($P$137:$P$186,46),$P$137:$P$186,0)),"") | J110: =IFERROR(INDEX($M$137:$M$186,MATCH(LARGE($P$137:$P$186,46),$P$137:$P$186,0)),"") | K110: =IFERROR(INDEX($O$137:$O$186,MATCH(LARGE($P$137:$P$186,46),$P$137:$P$186,0)),"")
B111: 47 | C111: =IFERROR(INDEX($B$137:$B$186,MATCH(LARGE($P$137:$P$186,47),$P$137:$P$186,0)),"") | D111: =IFERROR(INDEX($C$137:$C$186,MATCH(LARGE($P$137:$P$186,47),$P$137:$P$186,0)),"") | E111: =IFERROR(INDEX($D$137:$D$186,MATCH(LARGE($P$137:$P$186,47),$P$137:$P$186,0)),"") | F111: =IFERROR(INDEX($H$137:$H$186,MATCH(LARGE($P$137:$P$186,47),$P$137:$P$186,0)),"") | G111: =IFERROR(INDEX($I$137:$I$186,MATCH(LARGE($P$137:$P$186,47),$P$137:$P$186,0)),"") | H111: =IFERROR(INDEX($J$137:$J$186,MATCH(LARGE($P$137:$P$186,47),$P$137:$P$186,0)),"") | I111: =IFERROR(INDEX($N$137:$N$186,MATCH(LARGE($P$137:$P$186,47),$P$137:$P$186,0)),"") | J111: =IFERROR(INDEX($M$137:$M$186,MATCH(LARGE($P$137:$P$186,47),$P$137:$P$186,0)),"") | K111: =IFERROR(INDEX($O$137:$O$186,MATCH(LARGE($P$137:$P$186,47),$P$137:$P$186,0)),"")
B112: 48 | C112: =IFERROR(INDEX($B$137:$B$186,MATCH(LARGE($P$137:$P$186,48),$P$137:$P$186,0)),"") | D112: =IFERROR(INDEX($C$137:$C$186,MATCH(LARGE($P$137:$P$186,48),$P$137:$P$186,0)),"") | E112: =IFERROR(INDEX($D$137:$D$186,MATCH(LARGE($P$137:$P$186,48),$P$137:$P$186,0)),"") | F112: =IFERROR(INDEX($H$137:$H$186,MATCH(LARGE($P$137:$P$186,48),$P$137:$P$186,0)),"") | G112: =IFERROR(INDEX($I$137:$I$186,MATCH(LARGE($P$137:$P$186,48),$P$137:$P$186,0)),"") | H112: =IFERROR(INDEX($J$137:$J$186,MATCH(LARGE($P$137:$P$186,48),$P$137:$P$186,0)),"") | I112: =IFERROR(INDEX($N$137:$N$186,MATCH(LARGE($P$137:$P$186,48),$P$137:$P$186,0)),"") | J112: =IFERROR(INDEX($M$137:$M$186,MATCH(LARGE($P$137:$P$186,48),$P$137:$P$186,0)),"") | K112: =IFERROR(INDEX($O$137:$O$186,MATCH(LARGE($P$137:$P$186,48),$P$137:$P$186,0)),"")
B113: 49 | C113: =IFERROR(INDEX($B$137:$B$186,MATCH(LARGE($P$137:$P$186,49),$P$137:$P$186,0)),"") | D113: =IFERROR(INDEX($C$137:$C$186,MATCH(LARGE($P$137:$P$186,49),$P$137:$P$186,0)),"") | E113: =IFERROR(INDEX($D$137:$D$186,MATCH(LARGE($P$137:$P$186,49),$P$137:$P$186,0)),"") | F113: =IFERROR(INDEX($H$137:$H$186,MATCH(LARGE($P$137:$P$186,49),$P$137:$P$186,0)),"") | G113: =IFERROR(INDEX($I$137:$I$186,MATCH(LARGE($P$137:$P$186,49),$P$137:$P$186,0)),"") | H113: =IFERROR(INDEX($J$137:$J$186,MATCH(LARGE($P$137:$P$186,49),$P$137:$P$186,0)),"") | I113: =IFERROR(INDEX($N$137:$N$186,MATCH(LARGE($P$137:$P$186,49),$P$137:$P$186,0)),"") | J113: =IFERROR(INDEX($M$137:$M$186,MATCH(LARGE($P$137:$P$186,49),$P$137:$P$186,0)),"") | K113: =IFERROR(INDEX($O$137:$O$186,MATCH(LARGE($P$137:$P$186,49),$P$137:$P$186,0)),"")
B114: 50 | C114: =IFERROR(INDEX($B$137:$B$186,MATCH(LARGE($P$137:$P$186,50),$P$137:$P$186,0)),"") | D114: =IFERROR(INDEX($C$137:$C$186,MATCH(LARGE($P$137:$P$186,50),$P$137:$P$186,0)),"") | E114: =IFERROR(INDEX($D$137:$D$186,MATCH(LARGE($P$137:$P$186,50),$P$137:$P$186,0)),"") | F114: =IFERROR(INDEX($H$137:$H$186,MATCH(LARGE($P$137:$P$186,50),$P$137:$P$186,0)),"") | G114: =IFERROR(INDEX($I$137:$I$186,MATCH(LARGE($P$137:$P$186,50),$P$137:$P$186,0)),"") | H114: =IFERROR(INDEX($J$137:$J$186,MATCH(LARGE($P$137:$P$186,50),$P$137:$P$186,0)),"") | I114: =IFERROR(INDEX($N$137:$N$186,MATCH(LARGE($P$137:$P$186,50),$P$137:$P$186,0)),"") | J114: =IFERROR(INDEX($M$137:$M$186,MATCH(LARGE($P$137:$P$186,50),$P$137:$P$186,0)),"") | K114: =IFERROR(INDEX($O$137:$O$186,MATCH(LARGE($P$137:$P$186,50),$P$137:$P$186,0)),"")
A127: SUPPORTING CALCULATIONS PIPELINE COVERAGE: AUTO-UPDATING, DO NOT EDIT BELOW THIS LINE (grouped/collapsed; expand the row outline at left to audit)
A129: Goal Period Start | B129: =IF(D5="Rest of Year",DATE(YEAR(A5),1,1),DATE(YEAR(A5),3*ROUNDUP(MONTH(A5)/3,0)-2,1)) -> 45839
A130: Goal Period End | B130: =IF(D5="Rest of Year",DATE(YEAR(A5),12,31),EOMONTH(DATE(YEAR(A5),3*ROUNDUP(MONTH(A5)/3,0)-2,1),2)) -> 45930
A131: Data Through (actuals counted up to here) | B131: =EOMONTH(A5,0) -> 45900
A133: Company Win Rate (T12M, fallback for low-volume reps) | B133: =IFERROR(COUNTIFS(Fact_Pipeline!$J:$J,"Won",Fact_Pipeline!$I:$I,">="&EDATE($B$131,-11),Fact_Pipeline!$I:$I,"<="&$B$131)/(COUNTIFS(Fact_Pipeline!$J:$J,"Won",Fact_Pipeline!$I:$I,">="&EDATE($B$131,-11),Fact_Pipeline!$I:$I,"<="&$B$131)+COUNTIFS(Fact_Pipeline!$J:$J,"Lost",Fact_Pipeline!$I:$I,">="&EDATE($B$131,-11),Fact_Pipeline!$I:$I,"<="&$B$131)),0) -> 0.34793187
A136: Rep_ID | B136: Rep_Name | C136: Team | D136: Region | E136: Status | F136: Quota (Goal Period) | G136: Won (Period-to-Date) | H136: Gap to Goal | I136: Open Pipeline $ | J136: Coverage Ratio | K136: Won (T12M) | L136: Lost (T12M) | M136: Historical Win Rate | N136: Required Win Rate | O136: Status | P136: Rank Key (internal)
A137: =Dim_Reps!A2 -> R003 | B137: =Dim_Reps!B2 -> Lucas Cohen | C137: =Dim_Reps!D2 -> Enterprise | D137: =Dim_Reps!E2 -> NAMER | E137: =Dim_Reps!H2 -> Active | F137: =SUMIFS(Fact_Quota!$D:$D,Fact_Quota!$A:$A,$A137,Fact_Quota!$B:$B,">="&$B$129,Fact_Quota!$B:$B,"<="&$B$130) -> 94400 | G137: =SUMIFS(Fact_Pipeline!$K:$K,Fact_Pipeline!$B:$B,$A137,Fact_Pipeline!$J:$J,"Won",Fact_Pipeline!$I:$I,">="&$B$129,Fact_Pipeline!$I:$I,"<="&$B$131) -> 22000 | H137: =MAX(0,F137-G137) -> 72400 | I137: =SUMIFS(Fact_Pipeline!$K:$K,Fact_Pipeline!$B:$B,$A137,Fact_Pipeline!$J:$J,"Open") -> 432800 | J137: =IF(H137<=0,"",IFERROR(I137/H137,0)) -> 5.9779006 | K137: =COUNTIFS(Fact_Pipeline!$B:$B,$A137,Fact_Pipeline!$J:$J,"Won",Fact_Pipeline!$I:$I,">="&EDATE($B$131,-11),Fact_Pipeline!$I:$I,"<="&$B$131) -> 1 | L137: =COUNTIFS(Fact_Pipeline!$B:$B,$A137,Fact_Pipeline!$J:$J,"Lost",Fact_Pipeline!$I:$I,">="&EDATE($B$131,-11),Fact_Pipeline!$I:$I,"<="&$B$131) -> 5 | M137: =IFERROR(K137/(K137+L137),$B$133) -> 0.16666667 | N137: =IF(H137<=0,"",IFERROR(H137/I137,1)) -> 0.16728281 | O137: =IF(H137<=0,"Goal Achieved",IF(N137>M137,"At Risk – Below Pace",IF(J137<G5,"Watch – Under Target Coverage","On Track"))) -> At Risk – Below Pace | P137: =IF(E137<>"Active","",IF(H137<=0,-999-(ROW()/10000000),-J137)) -> -5.9779006
A138: =Dim_Reps!A3 -> R008 | B138: =Dim_Reps!B3 -> Milo Weber | C138: =Dim_Reps!D3 -> Enterprise | D138: =Dim_Reps!E3 -> NAMER | E138: =Dim_Reps!H3 -> Active | F138: =SUMIFS(Fact_Quota!$D:$D,Fact_Quota!$A:$A,$A138,Fact_Quota!$B:$B,">="&$B$129,Fact_Quota!$B:$B,"<="&$B$130) -> 96900 | G138: =SUMIFS(Fact_Pipeline!$K:$K,Fact_Pipeline!$B:$B,$A138,Fact_Pipeline!$J:$J,"Won",Fact_Pipeline!$I:$I,">="&$B$129,Fact_Pipeline!$I:$I,"<="&$B$131) -> 14200 | H138: =MAX(0,F138-G138) -> 82700 | I138: =SUMIFS(Fact_Pipeline!$K:$K,Fact_Pipeline!$B:$B,$A138,Fact_Pipeline!$J:$J,"Open") -> 385500 | J138: =IF(H138<=0,"",IFERROR(I138/H138,0)) -> 4.6614268 | K138: =COUNTIFS(Fact_Pipeline!$B:$B,$A138,Fact_Pipeline!$J:$J,"Won",Fact_Pipeline!$I:$I,">="&EDATE($B$131,-11),Fact_Pipeline!$I:$I,"<="&$B$131) -> 14 | L138: =COUNTIFS(Fact_Pipeline!$B:$B,$A138,Fact_Pipeline!$J:$J,"Lost",Fact_Pipeline!$I:$I,">="&EDATE($B$131,-11),Fact_Pipeline!$I:$I,"<="&$B$131) -> 50 | M138: =IFERROR(K138/(K138+L138),$B$133) -> 0.21875 | N138: =IF(H138<=0,"",IFERROR(H138/I138,1)) -> 0.21452659 | O138: =IF(H138<=0,"Goal Achieved",IF(N138>M138,"At Risk – Below Pace",IF(J138<G5,"Watch – Under Target Coverage","On Track"))) -> On Track | P138: =IF(E138<>"Active","",IF(H138<=0,-999-(ROW()/10000000),-J138)) -> -4.6614268
A139: =Dim_Reps!A4 -> R010 | B139: =Dim_Reps!B4 -> Sam Schmidt | C139: =Dim_Reps!D4 -> Enterprise | D139: =Dim_Reps!E4 -> EMEA | E139: =Dim_Reps!H4 -> Active | F139: =SUMIFS(Fact_Quota!$D:$D,Fact_Quota!$A:$A,$A139,Fact_Quota!$B:$B,">="&$B$129,Fact_Quota!$B:$B,"<="&$B$130) -> 95700 | G139: =SUMIFS(Fact_Pipeline!$K:$K,Fact_Pipeline!$B:$B,$A139,Fact_Pipeline!$J:$J,"Won",Fact_Pipeline!$I:$I,">="&$B$129,Fact_Pipeline!$I:$I,"<="&$B$131) -> 123800 | H139: =MAX(0,F139-G139) -> 0 | I139: =SUMIFS(Fact_Pipeline!$K:$K,Fact_Pipeline!$B:$B,$A139,Fact_Pipeline!$J:$J,"Open") -> 553600 | J139: =IF(H139<=0,"",IFERROR(I139/H139,0)) | K139: =COUNTIFS(Fact_Pipeline!$B:$B,$A139,Fact_Pipeline!$J:$J,"Won",Fact_Pipeline!$I:$I,">="&EDATE($B$131,-11),Fact_Pipeline!$I:$I,"<="&$B$131) -> 12 | L139: =COUNTIFS(Fact_Pipeline!$B:$B,$A139,Fact_Pipeline!$J:$J,"Lost",Fact_Pipeline!$I:$I,">="&EDATE($B$131,-11),Fact_Pipeline!$I:$I,"<="&$B$131) -> 42 | M139: =IFERROR(K139/(K139+L139),$B$133) -> 0.22222222 | N139: =IF(H139<=0,"",IFERROR(H139/I139,1)) | O139: =IF(H139<=0,"Goal Achieved",IF(N139>M139,"At Risk – Below Pace",IF(J139<G5,"Watch – Under Target Coverage","On Track"))) -> Goal Achieved | P139: =IF(E139<>"Active","",IF(H139<=0,-999-(ROW()/10000000),-J139)) -> -999.00001
A140: =Dim_Reps!A5 -> R013 | B140: =Dim_Reps!B5 -> Noah Kim | C140: =Dim_Reps!D5 -> Enterprise | D140: =Dim_Reps!E5 -> LATAM | E140: =Dim_Reps!H5 -> Active | F140: =SUMIFS(Fact_Quota!$D:$D,Fact_Quota!$A:$A,$A140,Fact_Quota!$B:$B,">="&$B$129,Fact_Quota!$B:$B,"<="&$B$130) -> 91900 | G140: =SUMIFS(Fact_Pipeline!$K:$K,Fact_Pipeline!$B:$B,$A140,Fact_Pipeline!$J:$J,"Won",Fact_Pipeline!$I:$I,">="&$B$129,Fact_Pipeline!$I:$I,"<="&$B$131) -> 15200 | H140: =MAX(0,F140-G140) -> 76700 | I140: =SUMIFS(Fact_Pipeline!$K:$K,Fact_Pipeline!$B:$B,$A140,Fact_Pipeline!$J:$J,"Open") -> 316300 | J140: =IF(H140<=0,"",IFERROR(I140/H140,0)) -> 4.1238592 | K140: =COUNTIFS(Fact_Pipeline!$B:$B,$A140,Fact_Pipeline!$J:$J,"Won",Fact_Pipeline!$I:$I,">="&EDATE($B$131,-11),Fact_Pipeline!$I:$I,"<="&$B$131) -> 12 | L140: =COUNTIFS(Fact_Pipeline!$B:$B,$A140,Fact_Pipeline!$J:$J,"Lost",Fact_Pipeline!$I:$I,">="&EDATE($B$131,-11),Fact_Pipeline!$I:$I,"<="&$B$131) -> 51 | M140: =IFERROR(K140/(K140+L140),$B$133) -> 0.19047619 | N140: =IF(H140<=0,"",IFERROR(H140/I140,1)) -> 0.24249131 | O140: =IF(H140<=0,"Goal Achieved",IF(N140>M140,"At Risk – Below Pace",IF(J140<G5,"Watch – Under Target Coverage","On Track"))) -> At Risk – Below Pace | P140: =IF(E140<>"Active","",IF(H140<=0,-999-(ROW()/10000000),-J140)) -> -4.1238592
A141: =Dim_Reps!A6 -> R026 | B141: =Dim_Reps!B6 -> Jamie Santos | C141: =Dim_Reps!D6 -> Enterprise | D141: =Dim_Reps!E6 -> APAC | E141: =Dim_Reps!H6 -> Departed | F141: =SUMIFS(Fact_Quota!$D:$D,Fact_Quota!$A:$A,$A141,Fact_Quota!$B:$B,">="&$B$129,Fact_Quota!$B:$B,"<="&$B$130) -> 94600 | G141: =SUMIFS(Fact_Pipeline!$K:$K,Fact_Pipeline!$B:$B,$A141,Fact_Pipeline!$J:$J,"Won",Fact_Pipeline!$I:$I,">="&$B$129,Fact_Pipeline!$I:$I,"<="&$B$131) -> 243800 | H141: =MAX(0,F141-G141) -> 0 | I141: =SUMIFS(Fact_Pipeline!$K:$K,Fact_Pipeline!$B:$B,$A141,Fact_Pipeline!$J:$J,"Open") -> 479700 | J141: =IF(H141<=0,"",IFERROR(I141/H141,0)) | K141: =COUNTIFS(Fact_Pipeline!$B:$B,$A141,Fact_Pipeline!$J:$J,"Won",Fact_Pipeline!$I:$I,">="&EDATE($B$131,-11),Fact_Pipeline!$I:$I,"<="&$B$131) -> 14 | L141: =COUNTIFS(Fact_Pipeline!$B:$B,$A141,Fact_Pipeline!$J:$J,"Lost",Fact_Pipeline!$I:$I,">="&EDATE($B$131,-11),Fact_Pipeline!$I:$I,"<="&$B$131) -> 44 | M141: =IFERROR(K141/(K141+L141),$B$133) -> 0.24137931 | N141: =IF(H141<=0,"",IFERROR(H141/I141,1)) | O141: =IF(H141<=0,"Goal Achieved",IF(N141>M141,"At Risk – Below Pace",IF(J141<G5,"Watch – Under Target Coverage","On Track"))) -> Goal Achieved | P141: =IF(E141<>"Active","",IF(H141<=0,-999-(ROW()/10000000),-J141))
A142: =Dim_Reps!A7 -> R036 | B142: =Dim_Reps!B7 -> Zara Duarte | C142: =Dim_Reps!D7 -> Enterprise | D142: =Dim_Reps!E7 -> NAMER | E142: =Dim_Reps!H7 -> Active | F142: =SUMIFS(Fact_Quota!$D:$D,Fact_Quota!$A:$A,$A142,Fact_Quota!$B:$B,">="&$B$129,Fact_Quota!$B:$B,"<="&$B$130) -> 97100 | G142: =SUMIFS(Fact_Pipeline!$K:$K,Fact_Pipeline!$B:$B,$A142,Fact_Pipeline!$J:$J,"Won",Fact_Pipeline!$I:$I,">="&$B$129,Fact_Pipeline!$I:$I,"<="&$B$131) -> 132800 | H142: =MAX(0,F142-G142) -> 0 | I142: =SUMIFS(Fact_Pipeline!$K:$K,Fact_Pipeline!$B:$B,$A142,Fact_Pipeline!$J:$J,"Open") -> 593200 | J142: =IF(H142<=0,"",IFERROR(I142/H142,0)) | K142: =COUNTIFS(Fact_Pipeline!$B:$B,$A142,Fact_Pipeline!$J:$J,"Won",Fact_Pipeline!$I:$I,">="&EDATE($B$131,-11),Fact_Pipeline!$I:$I,"<="&$B$131) -> 12 | L142: =COUNTIFS(Fact_Pipeline!$B:$B,$A142,Fact_Pipeline!$J:$J,"Lost",Fact_Pipeline!$I:$I,">="&EDATE($B$131,-11),Fact_Pipeline!$I:$I,"<="&$B$131) -> 39 | M142: =IFERROR(K142/(K142+L142),$B$133) -> 0.23529412 | N142: =IF(H142<=0,"",IFERROR(H142/I142,1)) | O142: =IF(H142<=0,"Goal Achieved",IF(N142>M142,"At Risk – Below Pace",IF(J142<G5,"Watch – Under Target Coverage","On Track"))) -> Goal Achieved | P142: =IF(E142<>"Active","",IF(H142<=0,-999-(ROW()/10000000),-J142)) -> -999.00001
A143: =Dim_Reps!A8 -> R001 | B143: =Dim_Reps!B8 -> Karim Rossi | C143: =Dim_Reps!D8 -> Inside Sales | D143: =Dim_Reps!E8 -> NAMER | E143: =Dim_Reps!H8 -> Active | F143: =SUMIFS(Fact_Quota!$D:$D,Fact_Quota!$A:$A,$A143,Fact_Quota!$B:$B,">="&$B$129,Fact_Quota!$B:$B,"<="&$B$130) -> 47000 | G143: =SUMIFS(Fact_Pipeline!$K:$K,Fact_Pipeline!$B:$B,$A143,Fact_Pipeline!$J:$J,"Won",Fact_Pipeline!$I:$I,">="&$B$129,Fact_Pipeline!$I:$I,"<="&$B$131) -> 25500 | H143: =MAX(0,F143-G143) -> 21500 | I143: =SUMIFS(Fact_Pipeline!$K:$K,Fact_Pipeline!$B:$B,$A143,Fact_Pipeline!$J:$J,"Open") -> 15600 | J143: =IF(H143<=0,"",IFERROR(I143/H143,0)) -> 0.7255814 | K143: =COUNTIFS(Fact_Pipeline!$B:$B,$A143,Fact_Pipeline!$J:$J,"Won",Fact_Pipeline!$I:$I,">="&EDATE($B$131,-11),Fact_Pipeline!$I:$I,"<="&$B$131) -> 37 | L143: =COUNTIFS(Fact_Pipeline!$B:$B,$A143,Fact_Pipeline!$J:$J,"Lost",Fact_Pipeline!$I:$I,">="&EDATE($B$131,-11),Fact_Pipeline!$I:$I,"<="&$B$131) -> 66 | M143: =IFERROR(K143/(K143+L143),$B$133) -> 0.3592233 | N143: =IF(H143<=0,"",IFERROR(H143/I143,1)) -> 1.3782051 | O143: =IF(H143<=0,"Goal Achieved",IF(N143>M143,"At Risk – Below Pace",IF(J143<G5,"Watch – Under Target Coverage","On Track"))) -> At Risk – Below Pace | P143: =IF(E143<>"Active","",IF(H143<=0,-999-(ROW()/10000000),-J143)) -> -0.7255814
A144: =Dim_Reps!A9 -> R005 | B144: =Dim_Reps!B9 -> Alex Okafor | C144: =Dim_Reps!D9 -> Inside Sales | D144: =Dim_Reps!E9 -> EMEA | E144: =Dim_Reps!H9 -> Active | F144: =SUMIFS(Fact_Quota!$D:$D,Fact_Quota!$A:$A,$A144,Fact_Quota!$B:$B,">="&$B$129,Fact_Quota!$B:$B,"<="&$B$130) -> 46500 | G144: =SUMIFS(Fact_Pipeline!$K:$K,Fact_Pipeline!$B:$B,$A144,Fact_Pipeline!$J:$J,"Won",Fact_Pipeline!$I:$I,">="&$B$129,Fact_Pipeline!$I:$I,"<="&$B$131) -> 41500 | H144: =MAX(0,F144-G144) -> 5000 | I144: =SUMIFS(Fact_Pipeline!$K:$K,Fact_Pipeline!$B:$B,$A144,Fact_Pipeline!$J:$J,"Open") -> 40500 | J144: =IF(H144<=0,"",IFERROR(I144/H144,0)) -> 8.1 | K144: =COUNTIFS(Fact_Pipeline!$B:$B,$A144,Fact_Pipeline!$J:$J,"Won",Fact_Pipeline!$I:$I,">="&EDATE($B$131,-11),Fact_Pipeline!$I:$I,"<="&$B$131) -> 46 | L144: =COUNTIFS(Fact_Pipeline!$B:$B,$A144,Fact_Pipeline!$J:$J,"Lost",Fact_Pipeline!$I:$I,">="&EDATE($B$131,-11),Fact_Pipeline!$I:$I,"<="&$B$131) -> 62 | M144: =IFERROR(K144/(K144+L144),$B$133) -> 0.42592593 | N144: =IF(H144<=0,"",IFERROR(H144/I144,1)) -> 0.12345679 | O144: =IF(H144<=0,"Goal Achieved",IF(N144>M144,"At Risk – Below Pace",IF(J144<G5,"Watch – Under Target Coverage","On Track"))) -> On Track | P144: =IF(E144<>"Active","",IF(H144<=0,-999-(ROW()/10000000),-J144)) -> -8.1
A145: =Dim_Reps!A10 -> R006 | B145: =Dim_Reps!B10 -> Lucas Okafor | C145: =Dim_Reps!D10 -> Inside Sales | D145: =Dim_Reps!E10 -> APAC | E145: =Dim_Reps!H10 -> Active | F145: =SUMIFS(Fact_Quota!$D:$D,Fact_Quota!$A:$A,$A145,Fact_Quota!$B:$B,">="&$B$129,Fact_Quota!$B:$B,"<="&$B$130) -> 46500 | G145: =SUMIFS(Fact_Pipeline!$K:$K,Fact_Pipeline!$B:$B,$A145,Fact_Pipeline!$J:$J,"Won",Fact_Pipeline!$I:$I,">="&$B$129,Fact_Pipeline!$I:$I,"<="&$B$131) -> 15500 | H145: =MAX(0,F145-G145) -> 31000 | I145: =SUMIFS(Fact_Pipeline!$K:$K,Fact_Pipeline!$B:$B,$A145,Fact_Pipeline!$J:$J,"Open") -> 34200 | J145: =IF(H145<=0,"",IFERROR(I145/H145,0)) -> 1.1032258 | K145: =COUNTIFS(Fact_Pipeline!$B:$B,$A145,Fact_Pipeline!$J:$J,"Won",Fact_Pipeline!$I:$I,">="&EDATE($B$131,-11),Fact_Pipeline!$I:$I,"<="&$B$131) -> 56 | L145: =COUNTIFS(Fact_Pipeline!$B:$B,$A145,Fact_Pipeline!$J:$J,"Lost",Fact_Pipeline!$I:$I,">="&EDATE($B$131,-11),Fact_Pipeline!$I:$I,"<="&$B$131) -> 64 | M145: =IFERROR(K145/(K145+L145),$B$133) -> 0.46666667 | N145: =IF(H145<=0,"",IFERROR(H145/I145,1)) -> 0.90643275 | O145: =IF(H145<=0,"Goal Achieved",IF(N145>M145,"At Risk – Below Pace",IF(J145<G5,"Watch – Under Target Coverage","On Track"))) -> At Risk – Below Pace | P145: =IF(E145<>"Active","",IF(H145<=0,-999-(ROW()/10000000),-J145)) -> -1.1032258
A146: =Dim_Reps!A11 -> R007 | B146: =Dim_Reps!B11 -> Sara Duarte | C146: =Dim_Reps!D11 -> Inside Sales | D146: =Dim_Reps!E11 -> APAC | E146: =Dim_Reps!H11 -> Active | F146: =SUMIFS(Fact_Quota!$D:$D,Fact_Quota!$A:$A,$A146,Fact_Quota!$B:$B,">="&$B$129,Fact_Quota!$B:$B,"<="&$B$130) -> 22900 | G146: =SUMIFS(Fact_Pipeline!$K:$K,Fact_Pipeline!$B:$B,$A146,Fact_Pipeline!$J:$J,"Won",Fact_Pipeline!$I:$I,">="&$B$129,Fact_Pipeline!$I:$I,"<="&$B$131) -> 5800 | H146: =MAX(0,F146-G146) -> 17100 | I146: =SUMIFS(Fact_Pipeline!$K:$K,Fact_Pipeline!$B:$B,$A146,Fact_Pipeline!$J:$J,"Open") -> 35300 | J146: =IF(H146<=0,"",IFERROR(I146/H146,0)) -> 2.0643275 | K146: =COUNTIFS(Fact_Pipeline!$B:$B,$A146,Fact_Pipeline!$J:$J,"Won",Fact_Pipeline!$I:$I,">="&EDATE($B$131,-11),Fact_Pipeline!$I:$I,"<="&$B$131) -> 2 | L146: =COUNTIFS(Fact_Pipeline!$B:$B,$A146,Fact_Pipeline!$J:$J,"Lost",Fact_Pipeline!$I:$I,">="&EDATE($B$131,-11),Fact_Pipeline!$I:$I,"<="&$B$131) -> 1 | M146: =IFERROR(K146/(K146+L146),$B$133) -> 0.66666667 | N146: =IF(H146<=0,"",IFERROR(H146/I146,1)) -> 0.48441926 | O146: =IF(H146<=0,"Goal Achieved",IF(N146>M146,"At Risk – Below Pace",IF(J146<G5,"Watch – Under Target Coverage","On Track"))) -> Watch – Under Target Coverage | P146: =IF(E146<>"Active","",IF(H146<=0,-999-(ROW()/10000000),-J146)) -> -2.0643275
A147: =Dim_Reps!A12 -> R011 | B147: =Dim_Reps!B12 -> Riley Haddad | C147: =Dim_Reps!D12 -> Inside Sales | D147: =Dim_Reps!E12 -> APAC | E147: =Dim_Reps!H12 -> Active | F147: =SUMIFS(Fact_Quota!$D:$D,Fact_Quota!$A:$A,$A147,Fact_Quota!$B:$B,">="&$B$129,Fact_Quota!$B:$B,"<="&$B$130) -> 46400 | G147: =SUMIFS(Fact_Pipeline!$K:$K,Fact_Pipeline!$B:$B,$A147,Fact_Pipeline!$J:$J,"Won",Fact_Pipeline!$I:$I,">="&$B$129,Fact_Pipeline!$I:$I,"<="&$B$131) -> 29300 | H147: =MAX(0,F147-G147) -> 17100 | I147: =SUMIFS(Fact_Pipeline!$K:$K,Fact_Pipeline!$B:$B,$A147,Fact_Pipeline!$J:$J,"Open") -> 39700 | J147: =IF(H147<=0,"",IFERROR(I147/H147,0)) -> 2.3216374 | K147: =COUNTIFS(Fact_Pipeline!$B:$B,$A147,Fact_Pipeline!$J:$J,"Won",Fact_Pipeline!$I:$I,">="&EDATE($B$131,-11),Fact_Pipeline!$I:$I,"<="&$B$131) -> 32 | L147: =COUNTIFS(Fact_Pipeline!$B:$B,$A147,Fact_Pipeline!$J:$J,"Lost",Fact_Pipeline!$I:$I,">="&EDATE($B$131,-11),Fact_Pipeline!$I:$I,"<="&$B$131) -> 66 | M147: =IFERROR(K147/(K147+L147),$B$133) -> 0.32653061 | N147: =IF(H147<=0,"",IFERROR(H147/I147,1)) -> 0.43073048 | O147: =IF(H147<=0,"Goal Achieved",IF(N147>M147,"At Risk – Below Pace",IF(J147<G5,"Watch – Under Target Coverage","On Track"))) -> At Risk – Below Pace | P147: =IF(E147<>"Active","",IF(H147<=0,-999-(ROW()/10000000),-J147)) -> -2.3216374
A148: =Dim_Reps!A13 -> R014 | B148: =Dim_Reps!B13 -> Karim Alvarez | C148: =Dim_Reps!D13 -> Inside Sales | D148: =Dim_Reps!E13 -> EMEA | E148: =Dim_Reps!H13 -> Active | F148: =SUMIFS(Fact_Quota!$D:$D,Fact_Quota!$A:$A,$A148,Fact_Quota!$B:$B,">="&$B$129,Fact_Quota!$B:$B,"<="&$B$130) -> 46500 | G148: =SUMIFS(Fact_Pipeline!$K:$K,Fact_Pipeline!$B:$B,$A148,Fact_Pipeline!$J:$J,"Won",Fact_Pipeline!$I:$I,">="&$B$129,Fact_Pipeline!$I:$I,"<="&$B$131) -> 47400 | H148: =MAX(0,F148-G148) -> 0 | I148: =SUMIFS(Fact_Pipeline!$K:$K,Fact_Pipeline!$B:$B,$A148,Fact_Pipeline!$J:$J,"Open") -> 43500 | J148: =IF(H148<=0,"",IFERROR(I148/H148,0)) | K148: =COUNTIFS(Fact_Pipeline!$B:$B,$A148,Fact_Pipeline!$J:$J,"Won",Fact_Pipeline!$I:$I,">="&EDATE($B$131,-11),Fact_Pipeline!$I:$I,"<="&$B$131) -> 47 | L148: =COUNTIFS(Fact_Pipeline!$B:$B,$A148,Fact_Pipeline!$J:$J,"Lost",Fact_Pipeline!$I:$I,">="&EDATE($B$131,-11),Fact_Pipeline!$I:$I,"<="&$B$131) -> 79 | M148: =IFERROR(K148/(K148+L148),$B$133) -> 0.37301587 | N148: =IF(H148<=0,"",IFERROR(H148/I148,1)) | O148: =IF(H148<=0,"Goal Achieved",IF(N148>M148,"At Risk – Below Pace",IF(J148<G5,"Watch – Under Target Coverage","On Track"))) -> Goal Achieved | P148: =IF(E148<>"Active","",IF(H148<=0,-999-(ROW()/10000000),-J148)) -> -999.00001
A149: =Dim_Reps!A14 -> R015 | B149: =Dim_Reps!B14 -> Sam Castro | C149: =Dim_Reps!D14 -> Inside Sales | D149: =Dim_Reps!E14 -> APAC | E149: =Dim_Reps!H14 -> Departed | F149: =SUMIFS(Fact_Quota!$D:$D,Fact_Quota!$A:$A,$A149,Fact_Quota!$B:$B,">="&$B$129,Fact_Quota!$B:$B,"<="&$B$130) -> 47200 | G149: =SUMIFS(Fact_Pipeline!$K:$K,Fact_Pipeline!$B:$B,$A149,Fact_Pipeline!$J:$J,"Won",Fact_Pipeline!$I:$I,">="&$B$129,Fact_Pipeline!$I:$I,"<="&$B$131) -> 11500 | H149: =MAX(0,F149-G149) -> 35700 | I149: =SUMIFS(Fact_Pipeline!$K:$K,Fact_Pipeline!$B:$B,$A149,Fact_Pipeline!$J:$J,"Open") -> 0 | J149: =IF(H149<=0,"",IFERROR(I149/H149,0)) -> 0 | K149: =COUNTIFS(Fact_Pipeline!$B:$B,$A149,Fact_Pipeline!$J:$J,"Won",Fact_Pipeline!$I:$I,">="&EDATE($B$131,-11),Fact_Pipeline!$I:$I,"<="&$B$131) -> 39 | L149: =COUNTIFS(Fact_Pipeline!$B:$B,$A149,Fact_Pipeline!$J:$J,"Lost",Fact_Pipeline!$I:$I,">="&EDATE($B$131,-11),Fact_Pipeline!$I:$I,"<="&$B$131) -> 70 | M149: =IFERROR(K149/(K149+L149),$B$133) -> 0.35779817 | N149: =IF(H149<=0,"",IFERROR(H149/I149,1)) -> 1 | O149: =IF(H149<=0,"Goal Achieved",IF(N149>M149,"At Risk – Below Pace",IF(J149<G5,"Watch – Under Target Coverage","On Track"))) -> At Risk – Below Pace | P149: =IF(E149<>"Active","",IF(H149<=0,-999-(ROW()/10000000),-J149))
A150: =Dim_Reps!A15 -> R016 | B150: =Dim_Reps!B15 -> Petra Larsen | C150: =Dim_Reps!D15 -> Inside Sales | D150: =Dim_Reps!E15 -> EMEA | E150: =Dim_Reps!H15 -> Active | F150: =SUMIFS(Fact_Quota!$D:$D,Fact_Quota!$A:$A,$A150,Fact_Quota!$B:$B,">="&$B$129,Fact_Quota!$B:$B,"<="&$B$130) -> 47400 | G150: =SUMIFS(Fact_Pipeline!$K:$K,Fact_Pipeline!$B:$B,$A150,Fact_Pipeline!$J:$J,"Won",Fact_Pipeline!$I:$I,">="&$B$129,Fact_Pipeline!$I:$I,"<="&$B$131) -> 0 | H150: =MAX(0,F150-G150) -> 47400 | I150: =SUMIFS(Fact_Pipeline!$K:$K,Fact_Pipeline!$B:$B,$A150,Fact_Pipeline!$J:$J,"Open") -> 28700 | J150: =IF(H150<=0,"",IFERROR(I150/H150,0)) -> 0.60548523 | K150: =COUNTIFS(Fact_Pipeline!$B:$B,$A150,Fact_Pipeline!$J:$J,"Won",Fact_Pipeline!$I:$I,">="&EDATE($B$131,-11),Fact_Pipeline!$I:$I,"<="&$B$131) -> 14 | L150: =COUNTIFS(Fact_Pipeline!$B:$B,$A150,Fact_Pipeline!$J:$J,"Lost",Fact_Pipeline!$I:$I,">="&EDATE($B$131,-11),Fact_Pipeline!$I:$I,"<="&$B$131) -> 37 | M150: =IFERROR(K150/(K150+L150),$B$133) -> 0.2745098 | N150: =IF(H150<=0,"",IFERROR(H150/I150,1)) -> 1.6515679 | O150: =IF(H150<=0,"Goal Achieved",IF(N150>M150,"At Risk – Below Pace",IF(J150<G5,"Watch – Under Target Coverage","On Track"))) -> At Risk – Below Pace | P150: =IF(E150<>"Active","",IF(H150<=0,-999-(ROW()/10000000),-J150)) -> -0.60548523
A151: =Dim_Reps!A16 -> R017 | B151: =Dim_Reps!B16 -> Lea Weber | C151: =Dim_Reps!D16 -> Inside Sales | D151: =Dim_Reps!E16 -> EMEA | E151: =Dim_Reps!H16 -> Active | F151: =SUMIFS(Fact_Quota!$D:$D,Fact_Quota!$A:$A,$A151,Fact_Quota!$B:$B,">="&$B$129,Fact_Quota!$B:$B,"<="&$B$130) -> 46000 | G151: =SUMIFS(Fact_Pipeline!$K:$K,Fact_Pipeline!$B:$B,$A151,Fact_Pipeline!$J:$J,"Won",Fact_Pipeline!$I:$I,">="&$B$129,Fact_Pipeline!$I:$I,"<="&$B$131) -> 32300 | H151: =MAX(0,F151-G151) -> 13700 | I151: =SUMIFS(Fact_Pipeline!$K:$K,Fact_Pipeline!$B:$B,$A151,Fact_Pipeline!$J:$J,"Open") -> 17400 | J151: =IF(H151<=0,"",IFERROR(I151/H151,0)) -> 1.270073 | K151: =COUNTIFS(Fact_Pipeline!$B:$B,$A151,Fact_Pipeline!$J:$J,"Won",Fact_Pipeline!$I:$I,">="&EDATE($B$131,-11),Fact_Pipeline!$I:$I,"<="&$B$131) -> 47 | L151: =COUNTIFS(Fact_Pipeline!$B:$B,$A151,Fact_Pipeline!$J:$J,"Lost",Fact_Pipeline!$I:$I,">="&EDATE($B$131,-11),Fact_Pipeline!$I:$I,"<="&$B$131) -> 83 | M151: =IFERROR(K151/(K151+L151),$B$133) -> 0.36153846 | N151: =IF(H151<=0,"",IFERROR(H151/I151,1)) -> 0.78735632 | O151: =IF(H151<=0,"Goal Achieved",IF(N151>M151,"At Risk – Below Pace",IF(J151<G5,"Watch – Under Target Coverage","On Track"))) -> At Risk – Below Pace | P151: =IF(E151<>"Active","",IF(H151<=0,-999-(ROW()/10000000),-J151)) -> -1.270073
A152: =Dim_Reps!A17 -> R020 | B152: =Dim_Reps!B17 -> Jamie Silva | C152: =Dim_Reps!D17 -> Inside Sales | D152: =Dim_Reps!E17 -> EMEA | E152: =Dim_Reps!H17 -> Active | F152: =SUMIFS(Fact_Quota!$D:$D,Fact_Quota!$A:$A,$A152,Fact_Quota!$B:$B,">="&$B$129,Fact_Quota!$B:$B,"<="&$B$130) -> 46800 | G152: =SUMIFS(Fact_Pipeline!$K:$K,Fact_Pipeline!$B:$B,$A152,Fact_Pipeline!$J:$J,"Won",Fact_Pipeline!$I:$I,">="&$B$129,Fact_Pipeline!$I:$I,"<="&$B$131) -> 31500 | H152: =MAX(0,F152-G152) -> 15300 | I152: =SUMIFS(Fact_Pipeline!$K:$K,Fact_Pipeline!$B:$B,$A152,Fact_Pipeline!$J:$J,"Open") -> 41600 | J152: =IF(H152<=0,"",IFERROR(I152/H152,0)) -> 2.7189542 | K152: =COUNTIFS(Fact_Pipeline!$B:$B,$A152,Fact_Pipeline!$J:$J,"Won",Fact_Pipeline!$I:$I,">="&EDATE($B$131,-11),Fact_Pipeline!$I:$I,"<="&$B$131) -> 35 | L152: =COUNTIFS(Fact_Pipeline!$B:$B,$A152,Fact_Pipeline!$J:$J,"Lost",Fact_Pipeline!$I:$I,">="&EDATE($B$131,-11),Fact_Pipeline!$I:$I,"<="&$B$131) -> 59 | M152: =IFERROR(K152/(K152+L152),$B$133) -> 0.37234043 | N152: =IF(H152<=0,"",IFERROR(H152/I152,1)) -> 0.36778846 | O152: =IF(H152<=0,"Goal Achieved",IF(N152>M152,"At Risk – Below Pace",IF(J152<G5,"Watch – Under Target Coverage","On Track"))) -> Watch – Under Target Coverage | P152: =IF(E152<>"Active","",IF(H152<=0,-999-(ROW()/10000000),-J152)) -> -2.7189542
A153: =Dim_Reps!A18 -> R022 | B153: =Dim_Reps!B18 -> Jamie Schmidt | C153: =Dim_Reps!D18 -> Inside Sales | D153: =Dim_Reps!E18 -> APAC | E153: =Dim_Reps!H18 -> Active | F153: =SUMIFS(Fact_Quota!$D:$D,Fact_Quota!$A:$A,$A153,Fact_Quota!$B:$B,">="&$B$129,Fact_Quota!$B:$B,"<="&$B$130) -> 46200 | G153: =SUMIFS(Fact_Pipeline!$K:$K,Fact_Pipeline!$B:$B,$A153,Fact_Pipeline!$J:$J,"Won",Fact_Pipeline!$I:$I,">="&$B$129,Fact_Pipeline!$I:$I,"<="&$B$131) -> 35500 | H153: =MAX(0,F153-G153) -> 10700 | I153: =SUMIFS(Fact_Pipeline!$K:$K,Fact_Pipeline!$B:$B,$A153,Fact_Pipeline!$J:$J,"Open") -> 52700 | J153: =IF(H153<=0,"",IFERROR(I153/H153,0)) -> 4.9252336 | K153: =COUNTIFS(Fact_Pipeline!$B:$B,$A153,Fact_Pipeline!$J:$J,"Won",Fact_Pipeline!$I:$I,">="&EDATE($B$131,-11),Fact_Pipeline!$I:$I,"<="&$B$131) -> 35 | L153: =COUNTIFS(Fact_Pipeline!$B:$B,$A153,Fact_Pipeline!$J:$J,"Lost",Fact_Pipeline!$I:$I,">="&EDATE($B$131,-11),Fact_Pipeline!$I:$I,"<="&$B$131) -> 64 | M153: =IFERROR(K153/(K153+L153),$B$133) -> 0.35353535 | N153: =IF(H153<=0,"",IFERROR(H153/I153,1)) -> 0.20303605 | O153: =IF(H153<=0,"Goal Achieved",IF(N153>M153,"At Risk – Below Pace",IF(J153<G5,"Watch – Under Target Coverage","On Track"))) -> On Track | P153: =IF(E153<>"Active","",IF(H153<=0,-999-(ROW()/10000000),-J153)) -> -4.9252336
A154: =Dim_Reps!A19 -> R023 | B154: =Dim_Reps!B19 -> Priya Weber | C154: =Dim_Reps!D19 -> Inside Sales | D154: =Dim_Reps!E19 -> NAMER | E154: =Dim_Reps!H19 -> Active | F154: =SUMIFS(Fact_Quota!$D:$D,Fact_Quota!$A:$A,$A154,Fact_Quota!$B:$B,">="&$B$129,Fact_Quota!$B:$B,"<="&$B$130) -> 48200 | G154: =SUMIFS(Fact_Pipeline!$K:$K,Fact_Pipeline!$B:$B,$A154,Fact_Pipeline!$J:$J,"Won",Fact_Pipeline!$I:$I,">="&$B$129,Fact_Pipeline!$I:$I,"<="&$B$131) -> 22300 | H154: =MAX(0,F154-G154) -> 25900 | I154: =SUMIFS(Fact_Pipeline!$K:$K,Fact_Pipeline!$B:$B,$A154,Fact_Pipeline!$J:$J,"Open") -> 48200 | J154: =IF(H154<=0,"",IFERROR(I154/H154,0)) -> 1.8610039 | K154: =COUNTIFS(Fact_Pipeline!$B:$B,$A154,Fact_Pipeline!$J:$J,"Won",Fact_Pipeline!$I:$I,">="&EDATE($B$131,-11),Fact_Pipeline!$I:$I,"<="&$B$131) -> 47 | L154: =COUNTIFS(Fact_Pipeline!$B:$B,$A154,Fact_Pipeline!$J:$J,"Lost",Fact_Pipeline!$I:$I,">="&EDATE($B$131,-11),Fact_Pipeline!$I:$I,"<="&$B$131) -> 65 | M154: =IFERROR(K154/(K154+L154),$B$133) -> 0.41964286 | N154: =IF(H154<=0,"",IFERROR(H154/I154,1)) -> 0.5373444 | O154: =IF(H154<=0,"Goal Achieved",IF(N154>M154,"At Risk – Below Pace",IF(J154<G5,"Watch – Under Target Coverage","On Track"))) -> At Risk – Below Pace | P154: =IF(E154<>"Active","",IF(H154<=0,-999-(ROW()/10000000),-J154)) -> -1.8610039
A155: =Dim_Reps!A20 -> R024 | B155: =Dim_Reps!B20 -> Riley Duarte | C155: =Dim_Reps!D20 -> Inside Sales | D155: =Dim_Reps!E20 -> APAC | E155: =Dim_Reps!H20 -> Active | F155: =SUMIFS(Fact_Quota!$D:$D,Fact_Quota!$A:$A,$A155,Fact_Quota!$B:$B,">="&$B$129,Fact_Quota!$B:$B,"<="&$B$130) -> 3800 | G155: =SUMIFS(Fact_Pipeline!$K:$K,Fact_Pipeline!$B:$B,$A155,Fact_Pipeline!$J:$J,"Won",Fact_Pipeline!$I:$I,">="&$B$129,Fact_Pipeline!$I:$I,"<="&$B$131) -> 0 | H155: =MAX(0,F155-G155) -> 3800 | I155: =SUMIFS(Fact_Pipeline!$K:$K,Fact_Pipeline!$B:$B,$A155,Fact_Pipeline!$J:$J,"Open") -> 39300 | J155: =IF(H155<=0,"",IFERROR(I155/H155,0)) -> 10.342105 | K155: =COUNTIFS(Fact_Pipeline!$B:$B,$A155,Fact_Pipeline!$J:$J,"Won",Fact_Pipeline!$I:$I,">="&EDATE($B$131,-11),Fact_Pipeline!$I:$I,"<="&$B$131) -> 0 | L155: =COUNTIFS(Fact_Pipeline!$B:$B,$A155,Fact_Pipeline!$J:$J,"Lost",Fact_Pipeline!$I:$I,">="&EDATE($B$131,-11),Fact_Pipeline!$I:$I,"<="&$B$131) -> 0 | M155: =IFERROR(K155/(K155+L155),$B$133) -> 0.34793187 | N155: =IF(H155<=0,"",IFERROR(H155/I155,1)) -> 0.096692112 | O155: =IF(H155<=0,"Goal Achieved",IF(N155>M155,"At Risk – Below Pace",IF(J155<G5,"Watch – Under Target Coverage","On Track"))) -> On Track | P155: =IF(E155<>"Active","",IF(H155<=0,-999-(ROW()/10000000),-J155)) -> -10.342105
A156: =Dim_Reps!A21 -> R027 | B156: =Dim_Reps!B21 -> Casey Muller | C156: =Dim_Reps!D21 -> Inside Sales | D156: =Dim_Reps!E21 -> LATAM | E156: =Dim_Reps!H21 -> Departed | F156: =SUMIFS(Fact_Quota!$D:$D,Fact_Quota!$A:$A,$A156,Fact_Quota!$B:$B,">="&$B$129,Fact_Quota!$B:$B,"<="&$B$130) -> 48300 | G156: =SUMIFS(Fact_Pipeline!$K:$K,Fact_Pipeline!$B:$B,$A156,Fact_Pipeline!$J:$J,"Won",Fact_Pipeline!$I:$I,">="&$B$129,Fact_Pipeline!$I:$I,"<="&$B$131) -> 49200 | H156: =MAX(0,F156-G156) -> 0 | I156: =SUMIFS(Fact_Pipeline!$K:$K,Fact_Pipeline!$B:$B,$A156,Fact_Pipeline!$J:$J,"Open") -> 0 | J156: =IF(H156<=0,"",IFERROR(I156/H156,0)) | K156: =COUNTIFS(Fact_Pipeline!$B:$B,$A156,Fact_Pipeline!$J:$J,"Won",Fact_Pipeline!$I:$I,">="&EDATE($B$131,-11),Fact_Pipeline!$I:$I,"<="&$B$131) -> 47 | L156: =COUNTIFS(Fact_Pipeline!$B:$B,$A156,Fact_Pipeline!$J:$J,"Lost",Fact_Pipeline!$I:$I,">="&EDATE($B$131,-11),Fact_Pipeline!$I:$I,"<="&$B$131) -> 72 | M156: =IFERROR(K156/(K156+L156),$B$133) -> 0.39495798 | N156: =IF(H156<=0,"",IFERROR(H156/I156,1)) | O156: =IF(H156<=0,"Goal Achieved",IF(N156>M156,"At Risk – Below Pace",IF(J156<G5,"Watch – Under Target Coverage","On Track"))) -> Goal Achieved | P156: =IF(E156<>"Active","",IF(H156<=0,-999-(ROW()/10000000),-J156))
A157: =Dim_Reps!A22 -> R030 | B157: =Dim_Reps!B22 -> Lea Petrov | C157: =Dim_Reps!D22 -> Inside Sales | D157: =Dim_Reps!E22 -> LATAM | E157: =Dim_Reps!H22 -> Departed | F157: =SUMIFS(Fact_Quota!$D:$D,Fact_Quota!$A:$A,$A157,Fact_Quota!$B:$B,">="&$B$129,Fact_Quota!$B:$B,"<="&$B$130) -> 46100 | G157: =SUMIFS(Fact_Pipeline!$K:$K,Fact_Pipeline!$B:$B,$A157,Fact_Pipeline!$J:$J,"Won",Fact_Pipeline!$I:$I,">="&$B$129,Fact_Pipeline!$I:$I,"<="&$B$131) -> 12700 | H157: =MAX(0,F157-G157) -> 33400 | I157: =SUMIFS(Fact_Pipeline!$K:$K,Fact_Pipeline!$B:$B,$A157,Fact_Pipeline!$J:$J,"Open") -> 0 | J157: =IF(H157<=0,"",IFERROR(I157/H157,0)) -> 0 | K157: =COUNTIFS(Fact_Pipeline!$B:$B,$A157,Fact_Pipeline!$J:$J,"Won",Fact_Pipeline!$I:$I,">="&EDATE($B$131,-11),Fact_Pipeline!$I:$I,"<="&$B$131) -> 12 | L157: =COUNTIFS(Fact_Pipeline!$B:$B,$A157,Fact_Pipeline!$J:$J,"Lost",Fact_Pipeline!$I:$I,">="&EDATE($B$131,-11),Fact_Pipeline!$I:$I,"<="&$B$131) -> 36 | M157: =IFERROR(K157/(K157+L157),$B$133) -> 0.25 | N157: =IF(H157<=0,"",IFERROR(H157/I157,1)) -> 1 | O157: =IF(H157<=0,"Goal Achieved",IF(N157>M157,"At Risk – Below Pace",IF(J157<G5,"Watch – Under Target Coverage","On Track"))) -> At Risk – Below Pace | P157: =IF(E157<>"Active","",IF(H157<=0,-999-(ROW()/10000000),-J157))
A158: =Dim_Reps!A23 -> R032 | B158: =Dim_Reps!B23 -> Alex Muller | C158: =Dim_Reps!D23 -> Inside Sales | D158: =Dim_Reps!E23 -> NAMER | E158: =Dim_Reps!H23 -> Active | F158: =SUMIFS(Fact_Quota!$D:$D,Fact_Quota!$A:$A,$A158,Fact_Quota!$B:$B,">="&$B$129,Fact_Quota!$B:$B,"<="&$B$130) -> 46900 | G158: =SUMIFS(Fact_Pipeline!$K:$K,Fact_Pipeline!$B:$B,$A158,Fact_Pipeline!$J:$J,"Won",Fact_Pipeline!$I:$I,">="&$B$129,Fact_Pipeline!$I:$I,"<="&$B$131) -> 46300 | H158: =MAX(0,F158-G158) -> 600 | I158: =SUMIFS(Fact_Pipeline!$K:$K,Fact_Pipeline!$B:$B,$A158,Fact_Pipeline!$J:$J,"Open") -> 19000 | J158: =IF(H158<=0,"",IFERROR(I158/H158,0)) -> 31.666667 | K158: =COUNTIFS(Fact_Pipeline!$B:$B,$A158,Fact_Pipeline!$J:$J,"Won",Fact_Pipeline!$I:$I,">="&EDATE($B$131,-11),Fact_Pipeline!$I:$I,"<="&$B$131) -> 53 | L158: =COUNTIFS(Fact_Pipeline!$B:$B,$A158,Fact_Pipeline!$J:$J,"Lost",Fact_Pipeline!$I:$I,">="&EDATE($B$131,-11),Fact_Pipeline!$I:$I,"<="&$B$131) -> 62 | M158: =IFERROR(K158/(K158+L158),$B$133) -> 0.46086957 | N158: =IF(H158<=0,"",IFERROR(H158/I158,1)) -> 0.031578947 | O158: =IF(H158<=0,"Goal Achieved",IF(N158>M158,"At Risk – Below Pace",IF(J158<G5,"Watch – Under Target Coverage","On Track"))) -> On Track | P158: =IF(E158<>"Active","",IF(H158<=0,-999-(ROW()/10000000),-J158)) -> -31.666667
A159: =Dim_Reps!A24 -> R033 | B159: =Dim_Reps!B24 -> Liam Muller | C159: =Dim_Reps!D24 -> Inside Sales | D159: =Dim_Reps!E24 -> EMEA | E159: =Dim_Reps!H24 -> Active | F159: =SUMIFS(Fact_Quota!$D:$D,Fact_Quota!$A:$A,$A159,Fact_Quota!$B:$B,">="&$B$129,Fact_Quota!$B:$B,"<="&$B$130) -> 46000 | G159: =SUMIFS(Fact_Pipeline!$K:$K,Fact_Pipeline!$B:$B,$A159,Fact_Pipeline!$J:$J,"Won",Fact_Pipeline!$I:$I,">="&$B$129,Fact_Pipeline!$I:$I,"<="&$B$131) -> 27500 | H159: =MAX(0,F159-G159) -> 18500 | I159: =SUMIFS(Fact_Pipeline!$K:$K,Fact_Pipeline!$B:$B,$A159,Fact_Pipeline!$J:$J,"Open") -> 50800 | J159: =IF(H159<=0,"",IFERROR(I159/H159,0)) -> 2.7459459 | K159: =COUNTIFS(Fact_Pipeline!$B:$B,$A159,Fact_Pipeline!$J:$J,"Won",Fact_Pipeline!$I:$I,">="&EDATE($B$131,-11),Fact_Pipeline!$I:$I,"<="&$B$131) -> 41 | L159: =COUNTIFS(Fact_Pipeline!$B:$B,$A159,Fact_Pipeline!$J:$J,"Lost",Fact_Pipeline!$I:$I,">="&EDATE($B$131,-11),Fact_Pipeline!$I:$I,"<="&$B$131) -> 73 | M159: =IFERROR(K159/(K159+L159),$B$133) -> 0.35964912 | N159: =IF(H159<=0,"",IFERROR(H159/I159,1)) -> 0.36417323 | O159: =IF(H159<=0,"Goal Achieved",IF(N159>M159,"At Risk – Below Pace",IF(J159<G5,"Watch – Under Target Coverage","On Track"))) -> At Risk – Below Pace | P159: =IF(E159<>"Active","",IF(H159<=0,-999-(ROW()/10000000),-J159)) -> -2.7459459
A160: =Dim_Reps!A25 -> R037 | B160: =Dim_Reps!B25 -> Liam Castro | C160: =Dim_Reps!D25 -> Inside Sales | D160: =Dim_Reps!E25 -> NAMER | E160: =Dim_Reps!H25 -> Active | F160: =SUMIFS(Fact_Quota!$D:$D,Fact_Quota!$A:$A,$A160,Fact_Quota!$B:$B,">="&$B$129,Fact_Quota!$B:$B,"<="&$B$130) -> 46100 | G160: =SUMIFS(Fact_Pipeline!$K:$K,Fact_Pipeline!$B:$B,$A160,Fact_Pipeline!$J:$J,"Won",Fact_Pipeline!$I:$I,">="&$B$129,Fact_Pipeline!$I:$I,"<="&$B$131) -> 25500 | H160: =MAX(0,F160-G160) -> 20600 | I160: =SUMIFS(Fact_Pipeline!$K:$K,Fact_Pipeline!$B:$B,$A160,Fact_Pipeline!$J:$J,"Open") -> 14500 | J160: =IF(H160<=0,"",IFERROR(I160/H160,0)) -> 0.7038835 | K160: =COUNTIFS(Fact_Pipeline!$B:$B,$A160,Fact_Pipeline!$J:$J,"Won",Fact_Pipeline!$I:$I,">="&EDATE($B$131,-11),Fact_Pipeline!$I:$I,"<="&$B$131) -> 42 | L160: =COUNTIFS(Fact_Pipeline!$B:$B,$A160,Fact_Pipeline!$J:$J,"Lost",Fact_Pipeline!$I:$I,">="&EDATE($B$131,-11),Fact_Pipeline!$I:$I,"<="&$B$131) -> 73 | M160: =IFERROR(K160/(K160+L160),$B$133) -> 0.36521739 | N160: =IF(H160<=0,"",IFERROR(H160/I160,1)) -> 1.4206897 | O160: =IF(H160<=0,"Goal Achieved",IF(N160>M160,"At Risk – Below Pace",IF(J160<G5,"Watch – Under Target Coverage","On Track"))) -> At Risk – Below Pace | P160: =IF(E160<>"Active","",IF(H160<=0,-999-(ROW()/10000000),-J160)) -> -0.7038835
...

Sheet Executive Summary
A1: SALES REP PERFORMANCE EXECUTIVE SUMMARY
A2: ="Performance window: "&D5&" | Reporting month: "&TEXT(A5,"mmm yyyy")&" | Prepared September 1, 2026" -> Performance window: Trailing 12 Months | Reporting month: Aug 2025 | Prepared September 1, 2026
A4: REPORTING MONTH (drop down) | D4: PERFORMANCE WINDOW (drop down) | G4: ATTAINMENT TARGET | I4: STALLED DEAL DAYS | K4: DATA THROUGH
A5: 45870 | D5: Trailing 12 Months | G5: 0.8 | I5: 90 | K5: =TEXT(MAX(Fact_Quota!$B:$B),"mmm yyyy") -> Dec 2025
A7: ="COMPANY PERFORMANCE for: " &D5&"" -> COMPANY PERFORMANCE for: Trailing 12 Months
A9: BOOKINGS WON | D9: QUOTA | G9: ATTAINMENT % | J9: PIPELINE GENERATED
A10: =SUM($G$149:$G$198) -> 10862900 | D10: =SUM($F$149:$F$198) -> 10561500 | G10: =IFERROR(A10/D10,"") -> 1.0285376 | J10: =SUM($I$149:$I$198) -> 36912200
A11: vs. quota, selected window | D11: total quota, selected window | G11: bookings won ÷ quota | J11: new pipeline created
A13: WIN RATE | D13: AVG SALES CYCLE | G13: OPEN PIPELINE $ | J13: ACTIVE REPS
A14: =IFERROR(COUNTIFS(Fact_Pipeline!$J:$J,"Won",Fact_Pipeline!$I:$I,">="&$B$145,Fact_Pipeline!$I:$I,"<="&$B$146)/(COUNTIFS(Fact_Pipeline!$J:$J,"Won",Fact_Pipeline!$I:$I,">="&$B$145,Fact_Pipeline!$I:$I,"<="&$B$146)+COUNTIFS(Fact_Pipeline!$J:$J,"Lost",Fact_Pipeline!$I:$I,">="&$B$145,Fact_Pipeline!$I:$I,"<="&$B$146)),"") -> 0.34735023 | D14: =IFERROR(AVERAGEIFS(Fact_Pipeline!$U:$U,Fact_Pipeline!$J:$J,"Won",Fact_Pipeline!$I:$I,">="&$B$145,Fact_Pipeline!$I:$I,"<="&$B$146),"") -> 24.477612 | G14: =SUMIFS(Fact_Pipeline!$K:$K,Fact_Pipeline!$J:$J,"Open") -> 7275100 | J14: =COUNTIFS(Dim_Reps!$H:$H,"Active") -> 42
A15: won ÷ (won + lost), closed in window | D15: created → closed, won deals | G15: current snapshot, all open deals | J15: current active headcount
A18: RISK FLAGS !! ATTENTION NEEDED
A20: REPS BELOW TARGET | D20: STALLED OPEN DEALS | G20: STALLED PIPELINE $ | J20: LARGEST STALLED DEAL | M20: ="Team and region tables above are color-coded against the attainment target ("&TEXT(G5,"0%")&"): green = at or above target, red = below. See the Watch List for specific reps needing attention." -> Team and region tables above are color-coded against the attainment target (80%): green = at or above target, red = below. See the Watch List for specific reps needing attention.
A21: =COUNTIFS($H$149:$H$198,"<"&G5,$E$149:$E$198,"Active") -> 12 | D21: =COUNTIFS(Fact_Pipeline!$J:$J,"Open",Fact_Pipeline!$D:$D,"<="&($B$146-I5)) -> 0 | G21: =SUMIFS(Fact_Pipeline!$K:$K,Fact_Pipeline!$J:$J,"Open",Fact_Pipeline!$D:$D,"<="&($B$146-I5)) -> 0 | J21: =IFERROR(_xlfn.MAXIFS(Fact_Pipeline!$K:$K,Fact_Pipeline!$J:$J,"Open",Fact_Pipeline!$D:$D,"<="&($B$146-I5)),0) -> 0
A22: active reps below attainment target | D22: open >90 days, no decision | G22: value tied up in stalled deals | J22: single largest at-risk opportunity
A24: Data model: Dim_Reps, Fact_Quota, Fact_Pipeline, Dim_Date, Monthly_Summary (all values USD-normalized). All figures recalculate automatically from the Reporting Month, Performance Window, Attainment Target and Stalled Deal Days controls above. Supporting calculations are on this sheet below row 300 (grouped/collapsed).
A28: ="PERFORMANCE TREND for: " &D5&"" -> PERFORMANCE TREND for: Trailing 12 Months
A68: ="TEAM & REGION PERFORMANCE for: " &D5&"" -> TEAM & REGION PERFORMANCE for: Trailing 12 Months
A88: Team | B88: Active Reps | C88: Quota | D88: Bookings Won | E88: Attainment % | F88: Pipeline Generated | H88: Region | I88: Active Reps | J88: Quota | K88: Bookings Won | L88: Attainment % | M88: Pipeline Generated
A89: Inside Sales | B89: =COUNTIFS(Dim_Reps!$D:$D,A89,Dim_Reps!$H:$H,"Active") -> 21 | C89: =SUMIF($C$149:$C$198,A89,$F$149:$F$198) -> 3745100 | D89: =SUMIF($C$149:$C$198,A89,$G$149:$G$198) -> 3630000 | E89: =IFERROR(D89/C89,"") -> 0.96926651 | F89: =SUMIF($C$149:$C$198,A89,$I$149:$I$198) -> 9558000 | H89: NAMER | I89: =COUNTIFS(Dim_Reps!$E:$E,H89,Dim_Reps!$H:$H,"Active") -> 12 | J89: =SUMIF($D$149:$D$198,H89,$F$149:$F$198) -> 3397000 | K89: =SUMIF($D$149:$D$198,H89,$G$149:$G$198) -> 3378900 | L89: =IFERROR(K89/J89,"") -> 0.99467177 | M89: =SUMIF($D$149:$D$198,H89,$I$149:$I$198) -> 12158300
A90: Mid-Market | B90: =COUNTIFS(Dim_Reps!$D:$D,A90,Dim_Reps!$H:$H,"Active") -> 13 | C90: =SUMIF($C$149:$C$198,A90,$F$149:$F$198) -> 2424200 | D90: =SUMIF($C$149:$C$198,A90,$G$149:$G$198) -> 2656200 | E90: =IFERROR(D90/C90,"") -> 1.0957017 | F90: =SUMIF($C$149:$C$198,A90,$I$149:$I$198) -> 8684700 | H90: EMEA | I90: =COUNTIFS(Dim_Reps!$E:$E,H90,Dim_Reps!$H:$H,"Active") -> 10 | J90: =SUMIF($D$149:$D$198,H90,$F$149:$F$198) -> 2134600 | K90: =SUMIF($D$149:$D$198,H90,$G$149:$G$198) -> 2317600 | L90: =IFERROR(K90/J90,"") -> 1.0857303 | M90: =SUMIF($D$149:$D$198,H90,$I$149:$I$198) -> 7314200
A91: Enterprise | B91: =COUNTIFS(Dim_Reps!$D:$D,A91,Dim_Reps!$H:$H,"Active") -> 5 | C91: =SUMIF($C$149:$C$198,A91,$F$149:$F$198) -> 2027000 | D91: =SUMIF($C$149:$C$198,A91,$G$149:$G$198) -> 2337100 | E91: =IFERROR(D91/C91,"") -> 1.1529847 | F91: =SUMIF($C$149:$C$198,A91,$I$149:$I$198) -> 11389300 | H91: APAC | I91: =COUNTIFS(Dim_Reps!$E:$E,H91,Dim_Reps!$H:$H,"Active") -> 13 | J91: =SUMIF($D$149:$D$198,H91,$F$149:$F$198) -> 2696200 | K91: =SUMIF($D$149:$D$198,H91,$G$149:$G$198) -> 2635600 | L91: =IFERROR(K91/J91,"") -> 0.97752392 | M91: =SUMIF($D$149:$D$198,H91,$I$149:$I$198) -> 9112700
A92: Strategic | B92: =COUNTIFS(Dim_Reps!$D:$D,A92,Dim_Reps!$H:$H,"Active") -> 3 | C92: =SUMIF($C$149:$C$198,A92,$F$149:$F$198) -> 2365200 | D92: =SUMIF($C$149:$C$198,A92,$G$149:$G$198) -> 2239600 | E92: =IFERROR(D92/C92,"") -> 0.94689667 | F92: =SUMIF($C$149:$C$198,A92,$I$149:$I$198) -> 7280200 | H92: LATAM | I92: =COUNTIFS(Dim_Reps!$E:$E,H92,Dim_Reps!$H:$H,"Active") -> 7 | J92: =SUMIF($D$149:$D$198,H92,$F$149:$F$198) -> 2333700 | K92: =SUMIF($D$149:$D$198,H92,$G$149:$G$198) -> 2530800 | L92: =IFERROR(K92/J92,"") -> 1.0844582 | M92: =SUMIF($D$149:$D$198,H92,$I$149:$I$198) -> 8327000
A95: ="ACTIVE REP LEADERBOARD for: " &D5&"" -> ACTIVE REP LEADERBOARD for: Trailing 12 Months
A97: TOP 5 PERFORMERS | H97: REPS NEEDING ATTENTION (LOWEST ATTAINMENT)
A98: Rank | B98: Rep Name | C98: Team | D98: Region | E98: Attainment % | F98: Bookings Won | H98: Rank | I98: Rep Name | J98: Team | K98: Region | L98: Attainment % | M98: Bookings Won
A99: 1 | B99: =IFERROR(INDEX($B$149:$B$198,MATCH(LARGE($J$149:$J$198,1),$J$149:$J$198,0)),"") -> Erik Duarte | C99: =IFERROR(INDEX($C$149:$C$198,MATCH(LARGE($J$149:$J$198,1),$J$149:$J$198,0)),"") -> Mid-Market | D99: =IFERROR(INDEX($D$149:$D$198,MATCH(LARGE($J$149:$J$198,1),$J$149:$J$198,0)),"") -> EMEA | E99: =IFERROR(INDEX($H$149:$H$198,MATCH(LARGE($J$149:$J$198,1),$J$149:$J$198,0)),"") -> 1.5079606 | F99: =IFERROR(INDEX($G$149:$G$198,MATCH(LARGE($J$149:$J$198,1),$J$149:$J$198,0)),"") -> 397800 | H99: 1 | I99: =IFERROR(INDEX($B$149:$B$198,MATCH(SMALL($J$149:$J$198,1),$J$149:$J$198,0)),"") -> Karim Rivera | J99: =IFERROR(INDEX($C$149:$C$198,MATCH(SMALL($J$149:$J$198,1),$J$149:$J$198,0)),"") -> Mid-Market | K99: =IFERROR(INDEX($D$149:$D$198,MATCH(SMALL($J$149:$J$198,1),$J$149:$J$198,0)),"") -> APAC | L99: =IFERROR(INDEX($H$149:$H$198,MATCH(SMALL($J$149:$J$198,1),$J$149:$J$198,0)),"") -> 0 | M99: =IFERROR(INDEX($G$149:$G$198,MATCH(SMALL($J$149:$J$198,1),$J$149:$J$198,0)),"") -> 0
A100: 2 | B100: =IFERROR(INDEX($B$149:$B$198,MATCH(LARGE($J$149:$J$198,2),$J$149:$J$198,0)),"") -> Yuki Dubois | C100: =IFERROR(INDEX($C$149:$C$198,MATCH(LARGE($J$149:$J$198,2),$J$149:$J$198,0)),"") -> Mid-Market | D100: =IFERROR(INDEX($D$149:$D$198,MATCH(LARGE($J$149:$J$198,2),$J$149:$J$198,0)),"") -> LATAM | E100: =IFERROR(INDEX($H$149:$H$198,MATCH(LARGE($J$149:$J$198,2),$J$149:$J$198,0)),"") -> 1.3646346 | F100: =IFERROR(INDEX($G$149:$G$198,MATCH(LARGE($J$149:$J$198,2),$J$149:$J$198,0)),"") -> 360400 | H100: 2 | I100: =IFERROR(INDEX($B$149:$B$198,MATCH(SMALL($J$149:$J$198,2),$J$149:$J$198,0)),"") -> Erik Kim | J100: =IFERROR(INDEX($C$149:$C$198,MATCH(SMALL($J$149:$J$198,2),$J$149:$J$198,0)),"") -> Mid-Market | K100: =IFERROR(INDEX($D$149:$D$198,MATCH(SMALL($J$149:$J$198,2),$J$149:$J$198,0)),"") -> NAMER | L100: =IFERROR(INDEX($H$149:$H$198,MATCH(SMALL($J$149:$J$198,2),$J$149:$J$198,0)),"") -> 0 | M100: =IFERROR(INDEX($G$149:$G$198,MATCH(SMALL($J$149:$J$198,2),$J$149:$J$198,0)),"") -> 0
A101: 3 | B101: =IFERROR(INDEX($B$149:$B$198,MATCH(LARGE($J$149:$J$198,3),$J$149:$J$198,0)),"") -> Felix Okafor | C101: =IFERROR(INDEX($C$149:$C$198,MATCH(LARGE($J$149:$J$198,3),$J$149:$J$198,0)),"") -> Mid-Market | D101: =IFERROR(INDEX($D$149:$D$198,MATCH(LARGE($J$149:$J$198,3),$J$149:$J$198,0)),"") -> EMEA | E101: =IFERROR(INDEX($H$149:$H$198,MATCH(LARGE($J$149:$J$198,3),$J$149:$J$198,0)),"") -> 1.3458618 | F101: =IFERROR(INDEX($G$149:$G$198,MATCH(LARGE($J$149:$J$198,3),$J$149:$J$198,0)),"") -> 354500 | H101: 3 | I101: =IFERROR(INDEX($B$149:$B$198,MATCH(SMALL($J$149:$J$198,3),$J$149:$J$198,0)),"") -> Lucas Cohen | J101: =IFERROR(INDEX($C$149:$C$198,MATCH(SMALL($J$149:$J$198,3),$J$149:$J$198,0)),"") -> Enterprise | K101: =IFERROR(INDEX($D$149:$D$198,MATCH(SMALL($J$149:$J$198,3),$J$149:$J$198,0)),"") -> NAMER | L101: =IFERROR(INDEX($H$149:$H$198,MATCH(SMALL($J$149:$J$198,3),$J$149:$J$198,0)),"") -> 0.19677996 | M101: =IFERROR(INDEX($G$149:$G$198,MATCH(SMALL($J$149:$J$198,3),$J$149:$J$198,0)),"") -> 22000
A102: 4 | B102: =IFERROR(INDEX($B$149:$B$198,MATCH(LARGE($J$149:$J$198,4),$J$149:$J$198,0)),"") -> Lucas Okafor | C102: =IFERROR(INDEX($C$149:$C$198,MATCH(LARGE($J$149:$J$198,4),$J$149:$J$198,0)),"") -> Inside Sales | D102: =IFERROR(INDEX($D$149:$D$198,MATCH(LARGE($J$149:$J$198,4),$J$149:$J$198,0)),"") -> APAC | E102: =IFERROR(INDEX($H$149:$H$198,MATCH(LARGE($J$149:$J$198,4),$J$149:$J$198,0)),"") -> 1.2811657 | F102: =IFERROR(INDEX($G$149:$G$198,MATCH(LARGE($J$149:$J$198,4),$J$149:$J$198,0)),"") -> 237400 | H102: 4 | I102: =IFERROR(INDEX($B$149:$B$198,MATCH(SMALL($J$149:$J$198,4),$J$149:$J$198,0)),"") -> Rafael Weber | J102: =IFERROR(INDEX($C$149:$C$198,MATCH(SMALL($J$149:$J$198,4),$J$149:$J$198,0)),"") -> Mid-Market | K102: =IFERROR(INDEX($D$149:$D$198,MATCH(SMALL($J$149:$J$198,4),$J$149:$J$198,0)),"") -> APAC | L102: =IFERROR(INDEX($H$149:$H$198,MATCH(SMALL($J$149:$J$198,4),$J$149:$J$198,0)),"") -> 0.35578145 | M102: =IFERROR(INDEX($G$149:$G$198,MATCH(SMALL($J$149:$J$198,4),$J$149:$J$198,0)),"") -> 28000
A103: 5 | B103: =IFERROR(INDEX($B$149:$B$198,MATCH(LARGE($J$149:$J$198,5),$J$149:$J$198,0)),"") -> Lucas Duarte | C103: =IFERROR(INDEX($C$149:$C$198,MATCH(LARGE($J$149:$J$198,5),$J$149:$J$198,0)),"") -> Inside Sales | D103: =IFERROR(INDEX($D$149:$D$198,MATCH(LARGE($J$149:$J$198,5),$J$149:$J$198,0)),"") -> LATAM | E103: =IFERROR(INDEX($H$149:$H$198,MATCH(LARGE($J$149:$J$198,5),$J$149:$J$198,0)),"") -> 1.2717976 | F103: =IFERROR(INDEX($G$149:$G$198,MATCH(LARGE($J$149:$J$198,5),$J$149:$J$198,0)),"") -> 236300 | H103: 5 | I103: =IFERROR(INDEX($B$149:$B$198,MATCH(SMALL($J$149:$J$198,5),$J$149:$J$198,0)),"") -> Sara Duarte | J103: =IFERROR(INDEX($C$149:$C$198,MATCH(SMALL($J$149:$J$198,5),$J$149:$J$198,0)),"") -> Inside Sales | K103: =IFERROR(INDEX($D$149:$D$198,MATCH(SMALL($J$149:$J$198,5),$J$149:$J$198,0)),"") -> APAC | L103: =IFERROR(INDEX($H$149:$H$198,MATCH(SMALL($J$149:$J$198,5),$J$149:$J$198,0)),"") -> 0.52252252 | M103: =IFERROR(INDEX($G$149:$G$198,MATCH(SMALL($J$149:$J$198,5),$J$149:$J$198,0)),"") -> 5800
A106: ="PIPELINE & FUNNEL HEALTH for: " &D5&"" -> PIPELINE & FUNNEL HEALTH for: Trailing 12 Months
A125: Stage | B125: Count | C125: % of Created | E125: Source | F125: Won | G125: Lost | H125: Win Rate | I125: Won $ Value | K125: Lost Reason | L125: Count | M125: $ Value | N125: % of Total Lost
A126: Created | B126: =COUNTIFS(Fact_Pipeline!$D:$D,">="&$B$145,Fact_Pipeline!$D:$D,"<="&$B$146) -> 3560 | C126: =IFERROR(B126/$B$126,"") -> 1 | E126: Outbound Prospecting | F126: =COUNTIFS(Fact_Pipeline!$C:$C,E126,Fact_Pipeline!$J:$J,"Won",Fact_Pipeline!$I:$I,">="&$B$145,Fact_Pipeline!$I:$I,"<="&$B$146) -> 487 | G126: =COUNTIFS(Fact_Pipeline!$C:$C,E126,Fact_Pipeline!$J:$J,"Lost",Fact_Pipeline!$I:$I,">="&$B$145,Fact_Pipeline!$I:$I,"<="&$B$146) -> 913 | H126: =IFERROR(F126/(F126+G126),"") -> 0.34785714 | I126: =SUMIFS(Fact_Pipeline!$K:$K,Fact_Pipeline!$C:$C,E126,Fact_Pipeline!$J:$J,"Won",Fact_Pipeline!$I:$I,">="&$B$145,Fact_Pipeline!$I:$I,"<="&$B$146) -> 3906200 | K126: Budget | L126: =COUNTIFS(Fact_Pipeline!$L:$L,K126,Fact_Pipeline!$I:$I,">="&$B$145,Fact_Pipeline!$I:$I,"<="&$B$146) -> 667 | M126: =SUMIFS(Fact_Pipeline!$K:$K,Fact_Pipeline!$L:$L,K126,Fact_Pipeline!$I:$I,">="&$B$145,Fact_Pipeline!$I:$I,"<="&$B$146) -> 6633000 | N126: =IFERROR(L126/SUM($L$126:$L$130),"") -> 0.29435128
A127: Reached Qualified | B127: =COUNTIFS(Fact_Pipeline!$D:$D,">="&$B$145,Fact_Pipeline!$D:$D,"<="&$B$146,Fact_Pipeline!$E:$E,"<>") -> 3560 | C127: =IFERROR(B127/$B$126,"") -> 1 | E127: Inbound Marketing | F127: =COUNTIFS(Fact_Pipeline!$C:$C,E127,Fact_Pipeline!$J:$J,"Won",Fact_Pipeline!$I:$I,">="&$B$145,Fact_Pipeline!$I:$I,"<="&$B$146) -> 302 | G127: =COUNTIFS(Fact_Pipeline!$C:$C,E127,Fact_Pipeline!$J:$J,"Lost",Fact_Pipeline!$I:$I,">="&$B$145,Fact_Pipeline!$I:$I,"<="&$B$146) -> 590 | H127: =IFERROR(F127/(F127+G127),"") -> 0.33856502 | I127: =SUMIFS(Fact_Pipeline!$K:$K,Fact_Pipeline!$C:$C,E127,Fact_Pipeline!$J:$J,"Won",Fact_Pipeline!$I:$I,">="&$B$145,Fact_Pipeline!$I:$I,"<="&$B$146) -> 2824300 | K127: Lost to Competitor | L127: =COUNTIFS(Fact_Pipeline!$L:$L,K127,Fact_Pipeline!$I:$I,">="&$B$145,Fact_Pipeline!$I:$I,"<="&$B$146) -> 634 | M127: =SUMIFS(Fact_Pipeline!$K:$K,Fact_Pipeline!$L:$L,K127,Fact_Pipeline!$I:$I,">="&$B$145,Fact_Pipeline!$I:$I,"<="&$B$146) -> 7177800 | N127: =IFERROR(L127/SUM($L$126:$L$130),"") -> 0.27978817
A128: Reached Meeting | B128: =COUNTIFS(Fact_Pipeline!$D:$D,">="&$B$145,Fact_Pipeline!$D:$D,"<="&$B$146,Fact_Pipeline!$F:$F,"<>") -> 3199 | C128: =IFERROR(B128/$B$126,"") -> 0.89859551 | E128: Referral | F128: =COUNTIFS(Fact_Pipeline!$C:$C,E128,Fact_Pipeline!$J:$J,"Won",Fact_Pipeline!$I:$I,">="&$B$145,Fact_Pipeline!$I:$I,"<="&$B$146) -> 171 | G128: =COUNTIFS(Fact_Pipeline!$C:$C,E128,Fact_Pipeline!$J:$J,"Lost",Fact_Pipeline!$I:$I,">="&$B$145,Fact_Pipeline!$I:$I,"<="&$B$146) -> 311 | H128: =IFERROR(F128/(F128+G128),"") -> 0.35477178 | I128: =SUMIFS(Fact_Pipeline!$K:$K,Fact_Pipeline!$C:$C,E128,Fact_Pipeline!$J:$J,"Won",Fact_Pipeline!$I:$I,">="&$B$145,Fact_Pipeline!$I:$I,"<="&$B$146) -> 1483400 | K128: No Decision / Timing | L128: =COUNTIFS(Fact_Pipeline!$L:$L,K128,Fact_Pipeline!$I:$I,">="&$B$145,Fact_Pipeline!$I:$I,"<="&$B$146) -> 460 | M128: =SUMIFS(Fact_Pipeline!$K:$K,Fact_Pipeline!$L:$L,K128,Fact_Pipeline!$I:$I,">="&$B$145,Fact_Pipeline!$I:$I,"<="&$B$146) -> 4914400 | N128: =IFERROR(L128/SUM($L$126:$L$130),"") -> 0.20300088
A129: Reached Proposal | B129: =COUNTIFS(Fact_Pipeline!$D:$D,">="&$B$145,Fact_Pipeline!$D:$D,"<="&$B$146,Fact_Pipeline!$G:$G,"<>") -> 2626 | C129: =IFERROR(B129/$B$126,"") -> 0.73764045 | E129: Partner | F129: =COUNTIFS(Fact_Pipeline!$C:$C,E129,Fact_Pipeline!$J:$J,"Won",Fact_Pipeline!$I:$I,">="&$B$145,Fact_Pipeline!$I:$I,"<="&$B$146) -> 158 | G129: =COUNTIFS(Fact_Pipeline!$C:$C,E129,Fact_Pipeline!$J:$J,"Lost",Fact_Pipeline!$I:$I,">="&$B$145,Fact_Pipeline!$I:$I,"<="&$B$146) -> 276 | H129: =IFERROR(F129/(F129+G129),"") -> 0.3640553 | I129: =SUMIFS(Fact_Pipeline!$K:$K,Fact_Pipeline!$C:$C,E129,Fact_Pipeline!$J:$J,"Won",Fact_Pipeline!$I:$I,">="&$B$145,Fact_Pipeline!$I:$I,"<="&$B$146) -> 1437400 | K129: Bad Fit | L129: =COUNTIFS(Fact_Pipeline!$L:$L,K129,Fact_Pipeline!$I:$I,">="&$B$145,Fact_Pipeline!$I:$I,"<="&$B$146) -> 253 | M129: =SUMIFS(Fact_Pipeline!$K:$K,Fact_Pipeline!$L:$L,K129,Fact_Pipeline!$I:$I,">="&$B$145,Fact_Pipeline!$I:$I,"<="&$B$146) -> 2783500 | N129: =IFERROR(L129/SUM($L$126:$L$130),"") -> 0.11165049
A130: Reached Negotiation | B130: =COUNTIFS(Fact_Pipeline!$D:$D,">="&$B$145,Fact_Pipeline!$D:$D,"<="&$B$146,Fact_Pipeline!$H:$H,"<>") -> 1915 | C130: =IFERROR(B130/$B$126,"") -> 0.53792135 | E130: Event / Conference | F130: =COUNTIFS(Fact_Pipeline!$C:$C,E130,Fact_Pipeline!$J:$J,"Won",Fact_Pipeline!$I:$I,">="&$B$145,Fact_Pipeline!$I:$I,"<="&$B$146) -> 88 | G130: =COUNTIFS(Fact_Pipeline!$C:$C,E130,Fact_Pipeline!$J:$J,"Lost",Fact_Pipeline!$I:$I,">="&$B$145,Fact_Pipeline!$I:$I,"<="&$B$146) -> 176 | H130: =IFERROR(F130/(F130+G130),"") -> 0.33333333 | I130: =SUMIFS(Fact_Pipeline!$K:$K,Fact_Pipeline!$C:$C,E130,Fact_Pipeline!$J:$J,"Won",Fact_Pipeline!$I:$I,">="&$B$145,Fact_Pipeline!$I:$I,"<="&$B$146) -> 1211600 | K130: Champion Left | L130: =COUNTIFS(Fact_Pipeline!$L:$L,K130,Fact_Pipeline!$I:$I,">="&$B$145,Fact_Pipeline!$I:$I,"<="&$B$146) -> 252 | M130: =SUMIFS(Fact_Pipeline!$K:$K,Fact_Pipeline!$L:$L,K130,Fact_Pipeline!$I:$I,">="&$B$145,Fact_Pipeline!$I:$I,"<="&$B$146) -> 3040900 | N130: =IFERROR(L130/SUM($L$126:$L$130),"") -> 0.11120918
A131: Won | B131: =COUNTIFS(Fact_Pipeline!$D:$D,">="&$B$145,Fact_Pipeline!$D:$D,"<="&$B$146,Fact_Pipeline!$J:$J,"Won") -> 1242 | C131: =IFERROR(B131/$B$126,"") -> 0.3488764
A142: SUPPORTING CALCULATIONS — AUTO-UPDATING, DO NOT EDIT BELOW THIS LINE (grouped/collapsed; expand the row outline at left to audit)
A144: Reporting Month Start (from dropdown) | B144: =A5 -> 45870
A145: Window Start | B145: =IF(D5="All Time",MIN(Monthly_Summary[MonthStart]),IF(D5="Year to Date",DATE(YEAR($B$144),1,1),EDATE($B$144,-11))) -> 45536
A146: Window End (last day of reporting month) | B146: =EOMONTH($B$144,0) -> 45900
A148: Rep_ID | B148: Rep_Name | C148: Team | D148: Region | E148: Status | F148: Quota (window) | G148: Bookings Won (window) | H148: Attainment % | I148: Pipeline Gen (window) | J148: Rank Key (internal)
A149: =Dim_Reps!A2 -> R003 | B149: =Dim_Reps!B2 -> Lucas Cohen | C149: =Dim_Reps!D2 -> Enterprise | D149: =Dim_Reps!E2 -> NAMER | E149: =Dim_Reps!H2 -> Active | F149: =SUMIFS(Fact_Quota!$D:$D,Fact_Quota!$A:$A,$A149,Fact_Quota!$B:$B,">="&$B$145,Fact_Quota!$B:$B,"<="&$B$144) -> 111800 | G149: =SUMIFS(Fact_Pipeline!$K:$K,Fact_Pipeline!$B:$B,$A149,Fact_Pipeline!$J:$J,"Won",Fact_Pipeline!$I:$I,">="&$B$145,Fact_Pipeline!$I:$I,"<="&$B$146) -> 22000 | H149: =IFERROR(G149/F149,"") -> 0.19677996 | I149: =SUMIFS(Fact_Pipeline!$K:$K,Fact_Pipeline!$B:$B,$A149,Fact_Pipeline!$D:$D,">="&$B$145,Fact_Pipeline!$D:$D,"<="&$B$146) -> 252700 | J149: =IF(E149="Active",IFERROR(H149+(ROW()/10000000),""),"") -> 0.19679486
A150: =Dim_Reps!A3 -> R008 | B150: =Dim_Reps!B3 -> Milo Weber | C150: =Dim_Reps!D3 -> Enterprise | D150: =Dim_Reps!E3 -> NAMER | E150: =Dim_Reps!H3 -> Active | F150: =SUMIFS(Fact_Quota!$D:$D,Fact_Quota!$A:$A,$A150,Fact_Quota!$B:$B,">="&$B$145,Fact_Quota!$B:$B,"<="&$B$144) -> 387900 | G150: =SUMIFS(Fact_Pipeline!$K:$K,Fact_Pipeline!$B:$B,$A150,Fact_Pipeline!$J:$J,"Won",Fact_Pipeline!$I:$I,">="&$B$145,Fact_Pipeline!$I:$I,"<="&$B$146) -> 473100 | H150: =IFERROR(G150/F150,"") -> 1.2196442 | I150: =SUMIFS(Fact_Pipeline!$K:$K,Fact_Pipeline!$B:$B,$A150,Fact_Pipeline!$D:$D,">="&$B$145,Fact_Pipeline!$D:$D,"<="&$B$146) -> 2136600 | J150: =IF(E150="Active",IFERROR(H150+(ROW()/10000000),""),"") -> 1.2196592
A151: =Dim_Reps!A4 -> R010 | B151: =Dim_Reps!B4 -> Sam Schmidt | C151: =Dim_Reps!D4 -> Enterprise | D151: =Dim_Reps!E4 -> EMEA | E151: =Dim_Reps!H4 -> Active | F151: =SUMIFS(Fact_Quota!$D:$D,Fact_Quota!$A:$A,$A151,Fact_Quota!$B:$B,">="&$B$145,Fact_Quota!$B:$B,"<="&$B$144) -> 381100 | G151: =SUMIFS(Fact_Pipeline!$K:$K,Fact_Pipeline!$B:$B,$A151,Fact_Pipeline!$J:$J,"Won",Fact_Pipeline!$I:$I,">="&$B$145,Fact_Pipeline!$I:$I,"<="&$B$146) -> 450300 | H151: =IFERROR(G151/F151,"") -> 1.1815796 | I151: =SUMIFS(Fact_Pipeline!$K:$K,Fact_Pipeline!$B:$B,$A151,Fact_Pipeline!$D:$D,">="&$B$145,Fact_Pipeline!$D:$D,"<="&$B$146) -> 2058700 | J151: =IF(E151="Active",IFERROR(H151+(ROW()/10000000),""),"") -> 1.1815947
A152: =Dim_Reps!A5 -> R013 | B152: =Dim_Reps!B5 -> Noah Kim | C152: =Dim_Reps!D5 -> Enterprise | D152: =Dim_Reps!E5 -> LATAM | E152: =Dim_Reps!H5 -> Active | F152: =SUMIFS(Fact_Quota!$D:$D,Fact_Quota!$A:$A,$A152,Fact_Quota!$B:$B,">="&$B$145,Fact_Quota!$B:$B,"<="&$B$144) -> 385300 | G152: =SUMIFS(Fact_Pipeline!$K:$K,Fact_Pipeline!$B:$B,$A152,Fact_Pipeline!$J:$J,"Won",Fact_Pipeline!$I:$I,">="&$B$145,Fact_Pipeline!$I:$I,"<="&$B$146) -> 369900 | H152: =IFERROR(G152/F152,"") -> 0.96003114 | I152: =SUMIFS(Fact_Pipeline!$K:$K,Fact_Pipeline!$B:$B,$A152,Fact_Pipeline!$D:$D,">="&$B$145,Fact_Pipeline!$D:$D,"<="&$B$146) -> 2503600 | J152: =IF(E152="Active",IFERROR(H152+(ROW()/10000000),""),"") -> 0.96004634
A153: =Dim_Reps!A6 -> R026 | B153: =Dim_Reps!B6 -> Jamie Santos | C153: =Dim_Reps!D6 -> Enterprise | D153: =Dim_Reps!E6 -> APAC | E153: =Dim_Reps!H6 -> Departed | F153: =SUMIFS(Fact_Quota!$D:$D,Fact_Quota!$A:$A,$A153,Fact_Quota!$B:$B,">="&$B$145,Fact_Quota!$B:$B,"<="&$B$144) -> 380400 | G153: =SUMIFS(Fact_Pipeline!$K:$K,Fact_Pipeline!$B:$B,$A153,Fact_Pipeline!$J:$J,"Won",Fact_Pipeline!$I:$I,">="&$B$145,Fact_Pipeline!$I:$I,"<="&$B$146) -> 598800 | H153: =IFERROR(G153/F153,"") -> 1.5741325 | I153: =SUMIFS(Fact_Pipeline!$K:$K,Fact_Pipeline!$B:$B,$A153,Fact_Pipeline!$D:$D,">="&$B$145,Fact_Pipeline!$D:$D,"<="&$B$146) -> 2346900 | J153: =IF(E153="Active",IFERROR(H153+(ROW()/10000000),""),"")
A154: =Dim_Reps!A7 -> R036 | B154: =Dim_Reps!B7 -> Zara Duarte | C154: =Dim_Reps!D7 -> Enterprise | D154: =Dim_Reps!E7 -> NAMER | E154: =Dim_Reps!H7 -> Active | F154: =SUMIFS(Fact_Quota!$D:$D,Fact_Quota!$A:$A,$A154,Fact_Quota!$B:$B,">="&$B$145,Fact_Quota!$B:$B,"<="&$B$144) -> 380500 | G154: =SUMIFS(Fact_Pipeline!$K:$K,Fact_Pipeline!$B:$B,$A154,Fact_Pipeline!$J:$J,"Won",Fact_Pipeline!$I:$I,">="&$B$145,Fact_Pipeline!$I:$I,"<="&$B$146) -> 423000 | H154: =IFERROR(G154/F154,"") -> 1.1116951 | I154: =SUMIFS(Fact_Pipeline!$K:$K,Fact_Pipeline!$B:$B,$A154,Fact_Pipeline!$D:$D,">="&$B$145,Fact_Pipeline!$D:$D,"<="&$B$146) -> 2090800 | J154: =IF(E154="Active",IFERROR(H154+(ROW()/10000000),""),"") -> 1.1117105
A155: =Dim_Reps!A8 -> R001 | B155: =Dim_Reps!B8 -> Karim Rossi | C155: =Dim_Reps!D8 -> Inside Sales | D155: =Dim_Reps!E8 -> NAMER | E155: =Dim_Reps!H8 -> Active | F155: =SUMIFS(Fact_Quota!$D:$D,Fact_Quota!$A:$A,$A155,Fact_Quota!$B:$B,">="&$B$145,Fact_Quota!$B:$B,"<="&$B$144) -> 186500 | G155: =SUMIFS(Fact_Pipeline!$K:$K,Fact_Pipeline!$B:$B,$A155,Fact_Pipeline!$J:$J,"Won",Fact_Pipeline!$I:$I,">="&$B$145,Fact_Pipeline!$I:$I,"<="&$B$146) -> 156600 | H155: =IFERROR(G155/F155,"") -> 0.83967828 | I155: =SUMIFS(Fact_Pipeline!$K:$K,Fact_Pipeline!$B:$B,$A155,Fact_Pipeline!$D:$D,">="&$B$145,Fact_Pipeline!$D:$D,"<="&$B$146) -> 440200 | J155: =IF(E155="Active",IFERROR(H155+(ROW()/10000000),""),"") -> 0.83969378
A156: =Dim_Reps!A9 -> R005 | B156: =Dim_Reps!B9 -> Alex Okafor | C156: =Dim_Reps!D9 -> Inside Sales | D156: =Dim_Reps!E9 -> EMEA | E156: =Dim_Reps!H9 -> Active | F156: =SUMIFS(Fact_Quota!$D:$D,Fact_Quota!$A:$A,$A156,Fact_Quota!$B:$B,">="&$B$145,Fact_Quota!$B:$B,"<="&$B$144) -> 182700 | G156: =SUMIFS(Fact_Pipeline!$K:$K,Fact_Pipeline!$B:$B,$A156,Fact_Pipeline!$J:$J,"Won",Fact_Pipeline!$I:$I,">="&$B$145,Fact_Pipeline!$I:$I,"<="&$B$146) -> 176600 | H156: =IFERROR(G156/F156,"") -> 0.96661193 | I156: =SUMIFS(Fact_Pipeline!$K:$K,Fact_Pipeline!$B:$B,$A156,Fact_Pipeline!$D:$D,">="&$B$145,Fact_Pipeline!$D:$D,"<="&$B$146) -> 454500 | J156: =IF(E156="Active",IFERROR(H156+(ROW()/10000000),""),"") -> 0.96662753
A157: =Dim_Reps!A10 -> R006 | B157: =Dim_Reps!B10 -> Lucas Okafor | C157: =Dim_Reps!D10 -> Inside Sales | D157: =Dim_Reps!E10 -> APAC | E157: =Dim_Reps!H10 -> Active | F157: =SUMIFS(Fact_Quota!$D:$D,Fact_Quota!$A:$A,$A157,Fact_Quota!$B:$B,">="&$B$145,Fact_Quota!$B:$B,"<="&$B$144) -> 185300 | G157: =SUMIFS(Fact_Pipeline!$K:$K,Fact_Pipeline!$B:$B,$A157,Fact_Pipeline!$J:$J,"Won",Fact_Pipeline!$I:$I,">="&$B$145,Fact_Pipeline!$I:$I,"<="&$B$146) -> 237400 | H157: =IFERROR(G157/F157,"") -> 1.2811657 | I157: =SUMIFS(Fact_Pipeline!$K:$K,Fact_Pipeline!$B:$B,$A157,Fact_Pipeline!$D:$D,">="&$B$145,Fact_Pipeline!$D:$D,"<="&$B$146) -> 469700 | J157: =IF(E157="Active",IFERROR(H157+(ROW()/10000000),""),"") -> 1.2811814
A158: =Dim_Reps!A11 -> R007 | B158: =Dim_Reps!B11 -> Sara Duarte | C158: =Dim_Reps!D11 -> Inside Sales | D158: =Dim_Reps!E11 -> APAC | E158: =Dim_Reps!H11 -> Active | F158: =SUMIFS(Fact_Quota!$D:$D,Fact_Quota!$A:$A,$A158,Fact_Quota!$B:$B,">="&$B$145,Fact_Quota!$B:$B,"<="&$B$144) -> 11100 | G158: =SUMIFS(Fact_Pipeline!$K:$K,Fact_Pipeline!$B:$B,$A158,Fact_Pipeline!$J:$J,"Won",Fact_Pipeline!$I:$I,">="&$B$145,Fact_Pipeline!$I:$I,"<="&$B$146) -> 5800 | H158: =IFERROR(G158/F158,"") -> 0.52252252 | I158: =SUMIFS(Fact_Pipeline!$K:$K,Fact_Pipeline!$B:$B,$A158,Fact_Pipeline!$D:$D,">="&$B$145,Fact_Pipeline!$D:$D,"<="&$B$146) -> 24100 | J158: =IF(E158="Active",IFERROR(H158+(ROW()/10000000),""),"") -> 0.52253832
A159: =Dim_Reps!A12 -> R011 | B159: =Dim_Reps!B12 -> Riley Haddad | C159: =Dim_Reps!D12 -> Inside Sales | D159: =Dim_Reps!E12 -> APAC | E159: =Dim_Reps!H12 -> Active | F159: =SUMIFS(Fact_Quota!$D:$D,Fact_Quota!$A:$A,$A159,Fact_Quota!$B:$B,">="&$B$145,Fact_Quota!$B:$B,"<="&$B$144) -> 166400 | G159: =SUMIFS(Fact_Pipeline!$K:$K,Fact_Pipeline!$B:$B,$A159,Fact_Pipeline!$J:$J,"Won",Fact_Pipeline!$I:$I,">="&$B$145,Fact_Pipeline!$I:$I,"<="&$B$146) -> 122200 | H159: =IFERROR(G159/F159,"") -> 0.734375 | I159: =SUMIFS(Fact_Pipeline!$K:$K,Fact_Pipeline!$B:$B,$A159,Fact_Pipeline!$D:$D,">="&$B$145,Fact_Pipeline!$D:$D,"<="&$B$146) -> 429300 | J159: =IF(E159="Active",IFERROR(H159+(ROW()/10000000),""),"") -> 0.7343909
A160: =Dim_Reps!A13 -> R014 | B160: =Dim_Reps!B13 -> Karim Alvarez | C160: =Dim_Reps!D13 -> Inside Sales | D160: =Dim_Reps!E13 -> EMEA | E160: =Dim_Reps!H13 -> Active | F160: =SUMIFS(Fact_Quota!$D:$D,Fact_Quota!$A:$A,$A160,Fact_Quota!$B:$B,">="&$B$145,Fact_Quota!$B:$B,"<="&$B$144) -> 185900 | G160: =SUMIFS(Fact_Pipeline!$K:$K,Fact_Pipeline!$B:$B,$A160,Fact_Pipeline!$J:$J,"Won",Fact_Pipeline!$I:$I,">="&$B$145,Fact_Pipeline!$I:$I,"<="&$B$146) -> 187100 | H160: =IFERROR(G160/F160,"") -> 1.0064551 | I160: =SUMIFS(Fact_Pipeline!$K:$K,Fact_Pipeline!$B:$B,$A160,Fact_Pipeline!$D:$D,">="&$B$145,Fact_Pipeline!$D:$D,"<="&$B$146) -> 496700 | J160: =IF(E160="Active",IFERROR(H160+(ROW()/10000000),""),"") -> 1.0064711
... A198: =Dim_Reps!A51 -> R044 | B198: =Dim_Reps!B51 -> Taylor Adler | C198: =Dim_Reps!D51 -> Strategic | D198: =Dim_Reps!E51 -> NAMER | E198: =Dim_Reps!H51 -> Departed | F198: =SUMIFS(Fact_Quota!$D:$D,Fact_Quota!$A:$A,$A198,Fact_Quota!$B:$B,">="&$B$145,Fact_Quota!$B:$B,"<="&$B$144) -> 575100 | G198: =SUMIFS(Fact_Pipeline!$K:$K,Fact_Pipeline!$B:$B,$A198,Fact_Pipeline!$J:$J,"Won",Fact_Pipeline!$I:$I,">="&$B$145,Fact_Pipeline!$I:$I,"<="&$B$146) -> 374000 | H198: =IFERROR(G198/F198,"") -> 0.65032168 | I198: =SUMIFS(Fact_Pipeline!$K:$K,Fact_Pipeline!$B:$B,$A198,Fact_Pipeline!$D:$D,">="&$B$145,Fact_Pipeline!$D:$D,"<="&$B$146) -> 1922300 | J198: =IF(E198="Active",IFERROR(H198+(ROW()/10000000),""),"")
A201: MonthStart | B201: Month+Year | C201: Quota | D201: Bookings Won | E201: Attainment % | F201: Pipeline Generated
A202: =DATE(2024,1,1) -> 45292 | B202: =TEXT(A202,"mmm yyyy") -> Jan 2024 | C202: =SUMIFS(Fact_Quota!$D:$D,Fact_Quota!$B:$B,">="&A202,Fact_Quota!$B:$B,"<"&EDATE(A202,1)) -> 573900 | D202: =SUMIFS(Fact_Pipeline!$K:$K,Fact_Pipeline!$J:$J,"Won",Fact_Pipeline!$I:$I,">="&A202,Fact_Pipeline!$I:$I,"<"&EDATE(A202,1)) -> 81300 | E202: =IFERROR(D202/C202,"") -> 0.14166231 | F202: =SUMIFS(Fact_Pipeline!$K:$K,Fact_Pipeline!$D:$D,">="&A202,Fact_Pipeline!$D:$D,"<"&EDATE(A202,1)) -> 1605300
A203: =EDATE(A202,1) -> 45323 | B203: =TEXT(A203,"mmm yyyy") -> Feb 2024 | C203: =SUMIFS(Fact_Quota!$D:$D,Fact_Quota!$B:$B,">="&A203,Fact_Quota!$B:$B,"<"&EDATE(A203,1)) -> 598300 | D203: =SUMIFS(Fact_Pipeline!$K:$K,Fact_Pipeline!$J:$J,"Won",Fact_Pipeline!$I:$I,">="&A203,Fact_Pipeline!$I:$I,"<"&EDATE(A203,1)) -> 299400 | E203: =IFERROR(D203/C203,"") -> 0.50041785 | F203: =SUMIFS(Fact_Pipeline!$K:$K,Fact_Pipeline!$D:$D,">="&A203,Fact_Pipeline!$D:$D,"<"&EDATE(A203,1)) -> 1791600
A204: =EDATE(A203,1) -> 45352 | B204: =TEXT(A204,"mmm yyyy") -> Mar 2024 | C204: =SUMIFS(Fact_Quota!$D:$D,Fact_Quota!$B:$B,">="&A204,Fact_Quota!$B:$B,"<"&EDATE(A204,1)) -> 624300 | D204: =SUMIFS(Fact_Pipeline!$K:$K,Fact_Pipeline!$J:$J,"Won",Fact_Pipeline!$I:$I,">="&A204,Fact_Pipeline!$I:$I,"<"&EDATE(A204,1)) -> 453100 | E204: =IFERROR(D204/C204,"") -> 0.72577287 | F204: =SUMIFS(Fact_Pipeline!$K:$K,Fact_Pipeline!$D:$D,">="&A204,Fact_Pipeline!$D:$D,"<"&EDATE(A204,1)) -> 1719600
A205: =EDATE(A204,1) -> 45383 | B205: =TEXT(A205,"mmm yyyy") -> Apr 2024 | C205: =SUMIFS(Fact_Quota!$D:$D,Fact_Quota!$B:$B,">="&A205,Fact_Quota!$B:$B,"<"&EDATE(A205,1)) -> 647600 | D205: =SUMIFS(Fact_Pipeline!$K:$K,Fact_Pipeline!$J:$J,"Won",Fact_Pipeline!$I:$I,">="&A205,Fact_Pipeline!$I:$I,"<"&EDATE(A205,1)) -> 483600 | E205: =IFERROR(D205/C205,"") -> 0.74675726 | F205: =SUMIFS(Fact_Pipeline!$K:$K,Fact_Pipeline!$D:$D,">="&A205,Fact_Pipeline!$D:$D,"<"&EDATE(A205,1)) -> 2236300
A206: =EDATE(A205,1) -> 45413 | B206: =TEXT(A206,"mmm yyyy") -> May 2024 | C206: =SUMIFS(Fact_Quota!$D:$D,Fact_Quota!$B:$B,">="&A206,Fact_Quota!$B:$B,"<"&EDATE(A206,1)) -> 665200 | D206: =SUMIFS(Fact_Pipeline!$K:$K,Fact_Pipeline!$J:$J,"Won",Fact_Pipeline!$I:$I,">="&A206,Fact_Pipeline!$I:$I,"<"&EDATE(A206,1)) -> 573900 | E206: =IFERROR(D206/C206,"") -> 0.86274805 | F206: =SUMIFS(Fact_Pipeline!$K:$K,Fact_Pipeline!$D:$D,">="&A206,Fact_Pipeline!$D:$D,"<"&EDATE(A206,1)) -> 2015800
A207: =EDATE(A206,1) -> 45444 | B207: =TEXT(A207,"mmm yyyy") -> Jun 2024 | C207: =SUMIFS(Fact_Quota!$D:$D,Fact_Quota!$B:$B,">="&A207,Fact_Quota!$B:$B,"<"&EDATE(A207,1)) -> 693900 | D207: =SUMIFS(Fact_Pipeline!$K:$K,Fact_Pipeline!$J:$J,"Won",Fact_Pipeline!$I:$I,">="&A207,Fact_Pipeline!$I:$I,"<"&EDATE(A207,1)) -> 598700 | E207: =IFERROR(D207/C207,"") -> 0.86280444 | F207: =SUMIFS(Fact_Pipeline!$K:$K,Fact_Pipeline!$D:$D,">="&A207,Fact_Pipeline!$D:$D,"<"&EDATE(A207,1)) -> 2268000
A208: =EDATE(A207,1) -> 45474 | B208: =TEXT(A208,"mmm yyyy") -> Jul 2024 | C208: =SUMIFS(Fact_Quota!$D:$D,Fact_Quota!$B:$B,">="&A208,Fact_Quota!$B:$B,"<"&EDATE(A208,1)) -> 735600 | D208: =SUMIFS(Fact_Pipeline!$K:$K,Fact_Pipeline!$J:$J,"Won",Fact_Pipeline!$I:$I,">="&A208,Fact_Pipeline!$I:$I,"<"&EDATE(A208,1)) -> 961100 | E208: =IFERROR(D208/C208,"") -> 1.3065525 | F208: =SUMIFS(Fact_Pipeline!$K:$K,Fact_Pipeline!$D:$D,">="&A208,Fact_Pipeline!$D:$D,"<"&EDATE(A208,1)) -> 1722000
A209: =EDATE(A208,1) -> 45505 | B209: =TEXT(A209,"mmm yyyy") -> Aug 2024 | C209: =SUMIFS(Fact_Quota!$D:$D,Fact_Quota!$B:$B,">="&A209,Fact_Quota!$B:$B,"<"&EDATE(A209,1)) -> 773600 | D209: =SUMIFS(Fact_Pipeline!$K:$K,Fact_Pipeline!$J:$J,"Won",Fact_Pipeline!$I:$I,">="&A209,Fact_Pipeline!$I:$I,"<"&EDATE(A209,1)) -> 634700 | E209: =IFERROR(D209/C209,"") -> 0.82044984 | F209: =SUMIFS(Fact_Pipeline!$K:$K,Fact_Pipeline!$D:$D,">="&A209,Fact_Pipeline!$D:$D,"<"&EDATE(A209,1)) -> 1619600
A210: =EDATE(A209,1) -> 45536 | B210: =TEXT(A210,"mmm yyyy") -> Sep 2024 | C210: =SUMIFS(Fact_Quota!$D:$D,Fact_Quota!$B:$B,">="&A210,Fact_Quota!$B:$B,"<"&EDATE(A210,1)) -> 794400 | D210: =SUMIFS(Fact_Pipeline!$K:$K,Fact_Pipeline!$J:$J,"Won",Fact_Pipeline!$I:$I,">="&A210,Fact_Pipeline!$I:$I,"<"&EDATE(A210,1)) -> 535500 | E210: =IFERROR(D210/C210,"") -> 0.67409366 | F210: =SUMIFS(Fact_Pipeline!$K:$K,Fact_Pipeline!$D:$D,">="&A210,Fact_Pipeline!$D:$D,"<"&EDATE(A210,1)) -> 2543700
A211: =EDATE(A210,1) -> 45566 | B211: =TEXT(A211,"mmm yyyy") -> Oct 2024 | C211: =SUMIFS(Fact_Quota!$D:$D,Fact_Quota!$B:$B,">="&A211,Fact_Quota!$B:$B,"<"&EDATE(A211,1)) -> 814200 | D211: =SUMIFS(Fact_Pipeline!$K:$K,Fact_Pipeline!$J:$J,"Won",Fact_Pipeline!$I:$I,">="&A211,Fact_Pipeline!$I:$I,"<"&EDATE(A211,1)) -> 816600 | E211: =IFERROR(D211/C211,"") -> 1.0029477 | F211: =SUMIFS(Fact_Pipeline!$K:$K,Fact_Pipeline!$D:$D,">="&A211,Fact_Pipeline!$D:$D,"<"&EDATE(A211,1)) -> 3671400
A212: =EDATE(A211,1) -> 45597 | B212: =TEXT(A212,"mmm yyyy") -> Nov 2024 | C212: =SUMIFS(Fact_Quota!$D:$D,Fact_Quota!$B:$B,">="&A212,Fact_Quota!$B:$B,"<"&EDATE(A212,1)) -> 816700 | D212: =SUMIFS(Fact_Pipeline!$K:$K,Fact_Pipeline!$J:$J,"Won",Fact_Pipeline!$I:$I,">="&A212,Fact_Pipeline!$I:$I,"<"&EDATE(A212,1)) -> 874600 | E212: =IFERROR(D212/C212,"") -> 1.0708951 | F212: =SUMIFS(Fact_Pipeline!$K:$K,Fact_Pipeline!$D:$D,">="&A212,Fact_Pipeline!$D:$D,"<"&EDATE(A212,1)) -> 3628500
A213: =EDATE(A212,1) -> 45627 | B213: =TEXT(A213,"mmm yyyy") -> Dec 2024 | C213: =SUMIFS(Fact_Quota!$D:$D,Fact_Quota!$B:$B,">="&A213,Fact_Quota!$B:$B,"<"&EDATE(A213,1)) -> 829400 | D213: =SUMIFS(Fact_Pipeline!$K:$K,Fact_Pipeline!$J:$J,"Won",Fact_Pipeline!$I:$I,">="&A213,Fact_Pipeline!$I:$I,"<"&EDATE(A213,1)) -> 1196100 | E213: =IFERROR(D213/C213,"") -> 1.4421268 | F213: =SUMIFS(Fact_Pipeline!$K:$K,Fact_Pipeline!$D:$D,">="&A213,Fact_Pipeline!$D:$D,"<"&EDATE(A213,1)) -> 3499800
A214: =EDATE(A213,1) -> 45658 | B214: =TEXT(A214,"mmm yyyy") -> Jan 2025 | C214: =SUMIFS(Fact_Quota!$D:$D,Fact_Quota!$B:$B,">="&A214,Fact_Quota!$B:$B,"<"&EDATE(A214,1)) -> 827900 | D214: =SUMIFS(Fact_Pipeline!$K:$K,Fact_Pipeline!$J:$J,"Won",Fact_Pipeline!$I:$I,">="&A214,Fact_Pipeline!$I:$I,"<"&EDATE(A214,1)) -> 1412000 | E214: =IFERROR(D214/C214,"") -> 1.70552 | F214: =SUMIFS(Fact_Pipeline!$K:$K,Fact_Pipeline!$D:$D,">="&A214,Fact_Pipeline!$D:$D,"<"&EDATE(A214,1)) -> 2539100
... A225: =EDATE(A224,1) -> 45992 | B225: =TEXT(A225,"mmm yyyy") -> Dec 2025 | C225: =SUMIFS(Fact_Quota!$D:$D,Fact_Quota!$B:$B,">="&A225,Fact_Quota!$B:$B,"<"&EDATE(A225,1)) -> 992100 | D225: =SUMIFS(Fact_Pipeline!$K:$K,Fact_Pipeline!$J:$J,"Won",Fact_Pipeline!$I:$I,">="&A225,Fact_Pipeline!$I:$I,"<"&EDATE(A225,1)) -> 1419000 | E225: =IFERROR(D225/C225,"") -> 1.4302994 | F225: =SUMIFS(Fact_Pipeline!$K:$K,Fact_Pipeline!$D:$D,">="&A225,Fact_Pipeline!$D:$D,"<"&EDATE(A225,1)) -> 4503800

Sheet Monthly_Summary
A1: MonthStart | B1: Month+Year | C1: Month | D1: Year | E1: Total Quota | F1: Total Bookings Won | G1: Attainment % | H1: Pipeline_Generated
A2: =DATE(2024,1,1) -> 45292 | B2: =TEXT(A2,"mmm yyyyy") -> Jan 2024 | C2: =LEFT(Monthly_Summary[[#This Row],[Month+Year]],3) -> Jan | D2: =YEAR(Monthly_Summary[[#This Row],[Month+Year]]) -> 2024 | E2: =SUMIFS(Fact_Quota!D:D,Fact_Quota!J:J,Monthly_Summary!$B2) -> 573900 | F2: =SUMIFS(Fact_Pipeline!K:K,Fact_Pipeline!T:T,Monthly_Summary!$B2,Fact_Pipeline!J:J,"Won") -> 81300 | G2: =IFERROR(F2/E2,"") -> 0.14166231 | H2: =SUMIFS(Fact_Pipeline!K:K,Fact_Pipeline!S:S,Monthly_Summary!$B2) -> 1605300
A3: =EDATE(A2,1) -> 45323 | B3: =TEXT(A3,"mmm yyyyy") -> Feb 2024 | C3: =LEFT(Monthly_Summary[[#This Row],[Month+Year]],3) -> Feb | D3: =YEAR(Monthly_Summary[[#This Row],[Month+Year]]) -> 2024 | E3: =SUMIFS(Fact_Quota!D:D,Fact_Quota!J:J,Monthly_Summary!$B3) -> 598300 | F3: =SUMIFS(Fact_Pipeline!K:K,Fact_Pipeline!T:T,Monthly_Summary!$B3,Fact_Pipeline!J:J,"Won") -> 299400 | G3: =IFERROR(F3/E3,"") -> 0.50041785 | H3: =SUMIFS(Fact_Pipeline!K:K,Fact_Pipeline!S:S,Monthly_Summary!$B3) -> 1791600
